normalization,graph_file,graph_stem,graph_path,status,shap_row_index,num_nodes,num_edges,prune_graph_path,token_weights
softmax,000.pt,000,dataset/analogies/000.pt,skipped_existing,1,49,1070,pruned_graphs/softmax/alpha_0.50/node_0.02/000_prune_graph.pt,
softmax,001.pt,001,dataset/analogies/001.pt,skipped_existing,2,43,803,pruned_graphs/softmax/alpha_0.50/node_0.02/001_prune_graph.pt,
softmax,002.pt,002,dataset/analogies/002.pt,ok,3,51,1166,pruned_graphs/softmax/alpha_0.50/node_0.02/002_prune_graph.pt,"[0.0, 3.7358373106144427e-07, 6.460416557274584e-07, 3.6716275531034626e-07, 1.0670835308701498e-06, 3.9911456042318605e-06, 3.4906202017737087e-06, 1.4425982044485863e-06, 5.139838776813122e-07, 6.922679176568636e-07, 2.0343868527561426e-05, 1.4455949894909281e-06, 2.5825629563769326e-06, 0.9999270439147949, 1.6342399931090767e-06, 3.4320997656323016e-05]"
softmax,003.pt,003,dataset/analogies/003.pt,ok,4,45,875,pruned_graphs/softmax/alpha_0.50/node_0.02/003_prune_graph.pt,"[0.0, 0.0006240425282157958, 0.006066428031772375, 0.005714602768421173, 0.0048920949921011925, 0.031131267547607422, 0.12950433790683746, 0.0025082328356802464, 0.013615901581943035, 0.03132670000195503, 0.004816150758415461, 0.021405300125479698, 0.5337299108505249, 0.0029472748283296824, 0.21171779930591583]"
softmax,004.pt,004,dataset/analogies/004.pt,ok,5,46,940,pruned_graphs/softmax/alpha_0.50/node_0.02/004_prune_graph.pt,"[0.0, 0.00013762291928287596, 0.00025445217033848166, 0.0005841166712343693, 0.0003207014233339578, 0.13008011877536774, 0.0077277799136936665, 0.0008949619950726628, 0.0033175586722791195, 0.005711581092327833, 0.011045053601264954, 0.002027492504566908, 0.8266661167144775, 0.0009174497681669891, 0.010315071791410446]"
softmax,005.pt,005,dataset/analogies/005.pt,ok,6,48,982,pruned_graphs/softmax/alpha_0.50/node_0.02/005_prune_graph.pt,"[0.0, 0.003143060952425003, 0.008192400448024273, 0.010826288722455502, 0.002621045336127281, 0.15957222878932953, 0.011072058230638504, 0.003039959818124771, 0.07790301740169525, 0.03245753422379494, 0.008652003481984138, 0.48298048973083496, 0.07672110199928284, 0.001913328655064106, 0.12090551108121872]"
softmax,006.pt,006,dataset/analogies/006.pt,ok,7,44,849,pruned_graphs/softmax/alpha_0.50/node_0.02/006_prune_graph.pt,"[0.0, 0.00023881584638729692, 0.0006617517792619765, 0.0007624526042491198, 0.00012835358211304992, 0.0013781909365206957, 0.029852908104658127, 0.0005178379942663014, 0.0004438903706613928, 0.0027848866302520037, 0.000937830947805196, 0.00019736656395252794, 0.9560075402259827, 0.0005418887012638152, 0.005546344444155693]"
softmax,007.pt,007,dataset/analogies/007.pt,ok,8,46,938,pruned_graphs/softmax/alpha_0.50/node_0.02/007_prune_graph.pt,"[0.0, 0.00021173736604396254, 0.00042043894063681364, 0.00039735680911689997, 0.00020008804858662188, 0.005420742556452751, 0.019335536286234856, 0.0008197986171580851, 0.003380800597369671, 0.07345982640981674, 0.001487800502218306, 0.003193395212292671, 0.8695263862609863, 0.0011653982801362872, 0.020980695262551308]"
softmax,008.pt,008,dataset/analogies/008.pt,ok,9,48,1016,pruned_graphs/softmax/alpha_0.50/node_0.02/008_prune_graph.pt,"[0.0, 6.576674059033394e-05, 0.001464529661461711, 0.0006392082432284951, 0.0007601786055602133, 0.0023286512587219477, 0.004873975645750761, 0.0013635155046358705, 0.001194436801597476, 0.0005348958075046539, 0.0011537151876837015, 0.0027736839838325977, 0.002906197216361761, 0.9496530890464783, 0.0003227961133234203, 0.0299653522670269]"
softmax,009.pt,009,dataset/analogies/009.pt,ok,10,44,867,pruned_graphs/softmax/alpha_0.50/node_0.02/009_prune_graph.pt,"[0.0, 0.003401389578357339, 0.0010194412898272276, 0.003041339572519064, 0.0009436147520318627, 0.007218329701572657, 0.0021909738425165415, 0.0032452200539410114, 0.0004757316783070564, 0.022969992831349373, 0.0011497264495119452, 0.002237218664959073, 0.02826988510787487, 0.8687410354614258, 0.0009830704657360911, 0.05411319062113762]"
softmax,010.pt,010,dataset/analogies/010.pt,ok,11,52,1179,pruned_graphs/softmax/alpha_0.50/node_0.02/010_prune_graph.pt,"[0.0, 0.0010766792111098766, 0.00206928513944149, 0.0008899489184841514, 0.0024991545360535383, 0.00990948174148798, 0.17716844379901886, 0.005262384656816721, 0.005852240137755871, 0.6236109733581543, 0.01278769876807928, 0.003593399887904525, 0.13158798217773438, 0.011990293860435486, 0.011701924726366997]"
softmax,011.pt,011,dataset/analogies/011.pt,ok,12,39,686,pruned_graphs/softmax/alpha_0.50/node_0.02/011_prune_graph.pt,"[0.0, 0.00024025807215366513, 0.00031303302966989577, 0.0007508061244152486, 0.00021770197781734169, 0.13968990743160248, 0.0008410150185227394, 0.0013740549329668283, 0.653643786907196, 0.004077794495970011, 0.19522638618946075, 0.0005695635918527842, 0.0030557001009583473]"
softmax,012.pt,012,dataset/analogies/012.pt,ok,13,46,952,pruned_graphs/softmax/alpha_0.50/node_0.02/012_prune_graph.pt,"[0.0, 0.0007866587257012725, 0.0005983528099022806, 0.0015176828019320965, 0.0003875093243550509, 0.03871819004416466, 0.0012457382399588823, 0.001687533687800169, 0.002451943466439843, 0.23140831291675568, 0.004149824380874634, 0.17778436839580536, 0.5327982306480408, 0.0014017336070537567, 0.005063938442617655]"
softmax,013.pt,013,dataset/analogies/013.pt,ok,14,38,656,pruned_graphs/softmax/alpha_0.50/node_0.02/013_prune_graph.pt,"[0.0, 4.1717488784343004e-05, 0.00011200576409464702, 6.47634660708718e-05, 8.450196764897555e-05, 0.0011667328653857112, 0.002562224166467786, 0.00019458365568425506, 0.00026194483507424593, 0.9260268807411194, 0.0003233231545891613, 0.067114919424057, 0.0002291863929713145, 0.0018171455012634397]"
softmax,014.pt,014,dataset/analogies/014.pt,ok,15,44,865,pruned_graphs/softmax/alpha_0.50/node_0.02/014_prune_graph.pt,"[0.0, 0.0005558172124437988, 0.00032713505788706243, 0.0007890890701673925, 0.0004083806124981493, 0.023309288546442986, 0.001924407435581088, 0.00150404148735106, 0.7816882133483887, 0.0013465904630720615, 0.01625669375061989, 0.16574107110500336, 0.0022132573649287224, 0.003936071880161762]"
softmax,015.pt,015,dataset/analogies/015.pt,ok,16,46,886,pruned_graphs/softmax/alpha_0.50/node_0.02/015_prune_graph.pt,"[0.0, 0.00837929267436266, 0.012741693295538425, 0.05109325796365738, 0.011886014603078365, 0.2748947739601135, 0.0733153373003006, 0.04084254801273346, 0.22350391745567322, 0.0413842536509037, 0.1238798126578331, 0.03995107114315033, 0.03367149084806442, 0.020953841507434845, 0.04350277781486511]"
softmax,016.pt,016,dataset/analogies/016.pt,ok,17,46,925,pruned_graphs/softmax/alpha_0.50/node_0.02/016_prune_graph.pt,"[0.0, 0.000373478775145486, 0.0015839036786928773, 0.0013696516398340464, 0.0003471104137133807, 0.019727470353245735, 0.011238707229495049, 0.0028004595078527927, 0.0016492829890921712, 0.6807421445846558, 0.0009907841449603438, 0.0010276486864313483, 0.27076658606529236, 0.002146622631698847, 0.00523613253608346]"
softmax,017.pt,017,dataset/analogies/017.pt,ok,18,42,789,pruned_graphs/softmax/alpha_0.50/node_0.02/017_prune_graph.pt,"[0.0, 7.412409468088299e-05, 0.00019160522788297385, 0.00014858967915643007, 0.00015029948554001749, 0.002813712926581502, 0.0052888900972902775, 0.0005532218492589891, 0.0003625219105742872, 0.9658169746398926, 0.00027684407541528344, 0.02243383601307869, 0.00024075097462628037, 0.0016485435189679265]"
softmax,018.pt,018,dataset/analogies/018.pt,ok,19,42,780,pruned_graphs/softmax/alpha_0.50/node_0.02/018_prune_graph.pt,"[0.0, 2.1830312107340433e-05, 8.713448914932087e-05, 0.00011469691526144743, 0.00012165408406872302, 0.16896571218967438, 0.00030399064416997135, 0.00043556198943406343, 0.8273460268974304, 0.00025164292310364544, 0.0005974453524686396, 0.0008930079638957977, 0.00012580053589772433, 0.0007354753906838596]"
softmax,019.pt,019,dataset/analogies/019.pt,ok,20,43,826,pruned_graphs/softmax/alpha_0.50/node_0.02/019_prune_graph.pt,"[0.0, 3.009732063219417e-05, 7.852228009141982e-05, 7.983721297932789e-05, 7.954013562994078e-05, 0.0009448801283724606, 0.0005713369464501739, 0.0001874655281426385, 0.00029996383818797767, 0.9227601885795593, 0.00032614858355373144, 0.07342533767223358, 0.00016819965094327927, 0.0010485755046829581]"
softmax,020.pt,020,dataset/analogies/020.pt,ok,21,53,1200,pruned_graphs/softmax/alpha_0.50/node_0.02/020_prune_graph.pt,"[0.0, 0.0008366036927327514, 0.00599639629945159, 0.003392344806343317, 0.016156846657395363, 0.06909126043319702, 0.04017990455031395, 0.01737149804830551, 0.019036047160625458, 0.031008334830403328, 0.023160504177212715, 0.31566593050956726, 0.01587953045964241, 0.03475816547870636, 0.12836124002933502, 0.013331115245819092, 0.26577433943748474]"
softmax,021.pt,021,dataset/analogies/021.pt,ok,22,49,1065,pruned_graphs/softmax/alpha_0.50/node_0.02/021_prune_graph.pt,"[0.0, 0.00010313418897567317, 0.00038099565426819026, 5.578921263804659e-05, 5.6123273679986596e-05, 0.0005626384518109262, 0.00018825987353920937, 0.00018393619393464178, 4.151393659412861e-05, 0.0003624481032602489, 0.0013357895659282804, 0.00022689577599521726, 0.00013104510435368866, 0.9950247406959534, 4.932309821015224e-05, 0.0012973007978871465]"
softmax,022.pt,022,dataset/analogies/022.pt,ok,23,51,1102,pruned_graphs/softmax/alpha_0.50/node_0.02/022_prune_graph.pt,"[0.0, 0.005052399821579456, 0.00690146628767252, 0.008806896395981312, 0.01140871737152338, 0.06022385507822037, 0.06254089623689651, 0.017031831666827202, 0.008265433833003044, 0.10214806348085403, 0.024587739259004593, 0.04558016359806061, 0.09436002373695374, 0.4824133515357971, 0.00887281820178032, 0.06180636212229729]"
softmax,023.pt,023,dataset/analogies/023.pt,ok,24,42,746,pruned_graphs/softmax/alpha_0.50/node_0.02/023_prune_graph.pt,"[0.0, 0.00025710134650580585, 0.0037322109565138817, 0.001501893624663353, 0.002461331197991967, 0.02161954529583454, 0.020715106278657913, 0.00932165514677763, 0.0036179120652377605, 0.03327280282974243, 0.029643483459949493, 0.014122474007308483, 0.020436445251107216, 0.6688117384910583, 0.0020208493806421757, 0.16846555471420288]"
softmax,024.pt,024,dataset/analogies/024.pt,ok,25,50,1047,pruned_graphs/softmax/alpha_0.50/node_0.02/024_prune_graph.pt,"[0.0, 0.001648219651542604, 0.0019548125565052032, 0.005540032871067524, 0.0022296032402664423, 0.009808981791138649, 0.0027392569463700056, 0.007217183243483305, 0.003175809048116207, 0.0031064378563314676, 0.030143558979034424, 0.0035988963209092617, 0.01190269272774458, 0.003736655693501234, 0.8856244683265686, 0.013185279443860054, 0.005706897005438805, 0.00868112314492464]"
softmax,025.pt,025,dataset/analogies/025.pt,ok,26,48,962,pruned_graphs/softmax/alpha_0.50/node_0.02/025_prune_graph.pt,"[0.0, 0.007116875611245632, 0.016906242817640305, 0.009524565190076828, 0.012674561701714993, 0.11116591095924377, 0.028678521513938904, 0.06869066506624222, 0.019412094727158546, 0.08614997565746307, 0.1139335036277771, 0.0629497691988945, 0.2769538164138794, 0.1091693714261055, 0.016597993671894073, 0.06007612496614456]"
softmax,026.pt,026,dataset/analogies/026.pt,ok,27,48,1018,pruned_graphs/softmax/alpha_0.50/node_0.02/026_prune_graph.pt,"[0.0, 5.44914546480868e-05, 0.00012668181443586946, 6.171370478114113e-05, 0.00011128794722026214, 0.0004659285768866539, 0.0004679130215663463, 7.373242260655388e-05, 6.786378071410581e-05, 0.0006678315112367272, 0.00012832456559408456, 0.0007354852859862149, 0.00022470708063337952, 0.9920694828033447, 0.0002836660132743418, 0.004460920579731464]"
softmax,027.pt,027,dataset/analogies/027.pt,ok,28,53,1250,pruned_graphs/softmax/alpha_0.50/node_0.02/027_prune_graph.pt,"[0.0, 0.002157796872779727, 0.0006816916866227984, 0.00017832036246545613, 0.0008694598800502717, 0.1200844943523407, 0.006092359311878681, 0.005246968474239111, 0.00047383466153405607, 0.08507846295833588, 0.0018904737662523985, 0.005277201067656279, 0.6938080191612244, 0.05773066356778145, 0.0008067974704317749, 0.0196234080940485]"
softmax,028.pt,028,dataset/analogies/028.pt,ok,29,47,943,pruned_graphs/softmax/alpha_0.50/node_0.02/028_prune_graph.pt,"[0.0, 0.001799997640773654, 0.004862177185714245, 0.006699973251670599, 0.004942076280713081, 0.023260507732629776, 0.021563593298196793, 0.007072017528116703, 0.013480119407176971, 0.027488671243190765, 0.025177819654345512, 0.01338961161673069, 0.828163206577301, 0.004515187814831734, 0.01758502796292305]"
softmax,029.pt,029,dataset/analogies/029.pt,ok,30,44,826,pruned_graphs/softmax/alpha_0.50/node_0.02/029_prune_graph.pt,"[0.0, 0.0004887506365776062, 0.005568325519561768, 0.0022356873378157616, 0.0038133827038109303, 0.06132470443844795, 0.01900113932788372, 0.01732618734240532, 0.0015571886906400323, 0.05969581753015518, 0.02363385260105133, 0.015965068712830544, 0.16316984593868256, 0.11589010059833527, 0.004263099282979965, 0.5060668587684631]"
softmax,030.pt,030,dataset/analogies/030.pt,ok,31,45,888,pruned_graphs/softmax/alpha_0.50/node_0.02/030_prune_graph.pt,"[0.0, 0.0004848380631301552, 0.0034461726900190115, 0.0010156809585168958, 0.0004555383638944477, 0.008310278877615929, 0.015281247906386852, 0.002196823013946414, 0.0022166240960359573, 0.9067661762237549, 0.0012804199941456318, 0.012126687914133072, 0.027597468346357346, 0.004815245047211647, 0.014006862416863441]"
softmax,031.pt,031,dataset/analogies/031.pt,ok,32,52,1155,pruned_graphs/softmax/alpha_0.50/node_0.02/031_prune_graph.pt,"[0.0, 0.0018516464624553919, 0.0019406476058065891, 0.0019290477503091097, 0.003027835162356496, 0.009025695733726025, 0.08133405447006226, 0.0031354043167084455, 0.0016751140356063843, 0.004081870894879103, 0.3786274492740631, 0.0028841784223914146, 0.1864003688097, 0.25099101662635803, 0.01100488193333149, 0.06209082156419754]"
softmax,032.pt,032,dataset/analogies/032.pt,ok,33,44,860,pruned_graphs/softmax/alpha_0.50/node_0.02/032_prune_graph.pt,"[0.0, 9.595466690370813e-05, 0.00045623956248164177, 0.00023557226813863963, 0.0002910613839048892, 0.004385674372315407, 0.0029719844460487366, 0.000207480406970717, 0.0020377878099679947, 0.977498471736908, 0.000912554794922471, 0.0015688061248511076, 0.0013043152866885066, 0.0005793521995656192, 0.007454810198396444]"
softmax,033.pt,033,dataset/analogies/033.pt,ok,34,50,1105,pruned_graphs/softmax/alpha_0.50/node_0.02/033_prune_graph.pt,"[0.0, 0.0011702034389600158, 0.00028834972181357443, 0.00037263412377797067, 0.0011542406864464283, 0.008432562462985516, 0.001484825974330306, 0.005253047216683626, 0.0020714960992336273, 0.0019579788204282522, 0.8572269678115845, 0.0029598043765872717, 0.04593828320503235, 0.05592859908938408, 0.007019733544439077, 0.008741175755858421]"
softmax,034.pt,034,dataset/analogies/034.pt,ok,35,49,1065,pruned_graphs/softmax/alpha_0.50/node_0.02/034_prune_graph.pt,"[0.0, 0.0013502673245966434, 0.0016474395524710417, 0.000988096697255969, 0.0009647643310017884, 0.025960544124245644, 0.023274892941117287, 0.007278826553374529, 0.0047251079231500626, 0.5352115035057068, 0.0025786468759179115, 0.3753059506416321, 0.00834854319691658, 0.004624238237738609, 0.007741098757833242]"
softmax,035.pt,035,dataset/analogies/035.pt,ok,36,47,977,pruned_graphs/softmax/alpha_0.50/node_0.02/035_prune_graph.pt,"[0.0, 8.805863217276055e-06, 2.1437394025269896e-05, 1.4640253539255355e-05, 1.1247317161178216e-05, 9.285428677685559e-05, 0.00018697751511354, 4.208942482364364e-05, 2.2320058633340523e-05, 0.9993536472320557, 3.152592762489803e-05, 3.700247179949656e-05, 4.740466101793572e-05, 7.179638487286866e-05, 2.4515307813999243e-05, 3.369961632415652e-05]"
softmax,036.pt,036,dataset/analogies/036.pt,ok,37,38,638,pruned_graphs/softmax/alpha_0.50/node_0.02/036_prune_graph.pt,"[0.0, 3.48655812558718e-05, 4.79231275676284e-05, 0.00021730121807195246, 7.748364441795275e-05, 0.001337927533313632, 0.00036917292163707316, 0.0003819040139205754, 0.9895681738853455, 0.0010504599194973707, 0.006088081281632185, 0.00019529629207681865, 0.0006314133061096072]"
softmax,037.pt,037,dataset/analogies/037.pt,ok,38,47,994,pruned_graphs/softmax/alpha_0.50/node_0.02/037_prune_graph.pt,"[0.0, 6.48327186354436e-05, 0.00040780770359560847, 0.00019306858303025365, 7.566668500658125e-05, 0.0018471120856702328, 0.00045711424900218844, 0.0005574580864049494, 0.00042876190855167806, 0.9910191297531128, 0.0003333743952680379, 0.0005452395998872817, 0.0006380396080203354, 0.0012294718762859702, 0.00048614497063681483, 0.001716821570880711]"
softmax,038.pt,038,dataset/analogies/038.pt,ok,39,41,738,pruned_graphs/softmax/alpha_0.50/node_0.02/038_prune_graph.pt,"[0.0, 0.0004601647087838501, 0.00036801554961130023, 0.0006128585082478821, 0.0007049183477647603, 0.005029728636145592, 0.016500890254974365, 0.0028798296116292477, 0.005455424077808857, 0.8372282385826111, 0.005436306819319725, 0.11436227709054947, 0.0017476386856287718, 0.009213621728122234]"
softmax,039.pt,039,dataset/analogies/039.pt,ok,40,50,1130,pruned_graphs/softmax/alpha_0.50/node_0.02/039_prune_graph.pt,"[0.0, 7.46713558328338e-05, 0.00017007093993015587, 0.00012160811456851661, 0.00012355143553577363, 0.00017329418915323913, 0.0009429209167137742, 0.0003297335933893919, 0.0002490837941877544, 0.9852419495582581, 0.0001455791643820703, 0.0003059733135160059, 0.0008220263989642262, 0.009706083685159683, 0.0004703545419033617, 0.0011232135584577918]"
softmax,040.pt,040,dataset/analogies/040.pt,ok,41,47,955,pruned_graphs/softmax/alpha_0.50/node_0.02/040_prune_graph.pt,"[0.0, 0.0007986354175955057, 0.0010490178829059005, 0.00025417361757718027, 0.001978200161829591, 0.0016606658464297652, 0.006968735251575708, 0.006314620841294527, 0.006311117205768824, 0.7496874928474426, 0.004549921024590731, 0.17192713916301727, 0.04180685058236122, 0.004188011400401592, 0.0025054465513676405]"
softmax,041.pt,041,dataset/analogies/041.pt,ok,42,45,881,pruned_graphs/softmax/alpha_0.50/node_0.02/041_prune_graph.pt,"[0.0, 0.0005021046963520348, 0.0003182869404554367, 0.0006933754193596542, 0.0009116603760048747, 0.007918037474155426, 0.003562085796147585, 0.001689384924247861, 0.002801610389724374, 0.4359171688556671, 0.006469352170825005, 0.0023581027053296566, 0.5301460027694702, 0.0007489254348911345, 0.002774230670183897, 0.003189636394381523]"
softmax,042.pt,042,dataset/analogies/042.pt,ok,43,42,776,pruned_graphs/softmax/alpha_0.50/node_0.02/042_prune_graph.pt,"[0.0, 0.00023783401411492378, 0.00025033109704963863, 0.00019160073134116828, 0.00023944770509842783, 0.0006532319821417332, 0.0002273883146699518, 0.0006152684800326824, 0.0004568969889078289, 0.0002388015273027122, 0.6974795460700989, 0.0013548395363613963, 0.25925299525260925, 0.0019576759077608585, 0.03684429079294205]"
softmax,043.pt,043,dataset/analogies/043.pt,ok,44,45,856,pruned_graphs/softmax/alpha_0.50/node_0.02/043_prune_graph.pt,"[0.0, 0.011214197613298893, 0.00727774016559124, 0.005837943404912949, 0.002979731187224388, 0.04458918422460556, 0.0036179213784635067, 0.022409263998270035, 0.06660431623458862, 0.4820837080478668, 0.01654382050037384, 0.09885625541210175, 0.19568850100040436, 0.022142544388771057, 0.020154902711510658]"
softmax,044.pt,044,dataset/analogies/044.pt,ok,45,44,871,pruned_graphs/softmax/alpha_0.50/node_0.02/044_prune_graph.pt,"[0.0, 5.304304067976773e-05, 3.6978526622988284e-05, 0.000107127423689235, 0.00010608290176605806, 0.0004806530487257987, 0.00019625882850959897, 0.00022166261624079198, 0.00048760059871710837, 0.9878589510917664, 0.0012052686652168632, 0.003441633889451623, 0.003803518833592534, 0.0011855108896270394, 0.0008157518459483981]"
softmax,045.pt,045,dataset/analogies/045.pt,ok,46,48,1008,pruned_graphs/softmax/alpha_0.50/node_0.02/045_prune_graph.pt,"[0.0, 0.0007658343529328704, 0.0009777744999155402, 0.002029931638389826, 0.0006855653482489288, 0.0010505567770451307, 0.013291900046169758, 0.002513226820155978, 0.004419035278260708, 0.7980097532272339, 0.0059262425638735294, 0.0109928073361516, 0.13355644047260284, 0.004241990856826305, 0.02153889834880829]"
softmax,046.pt,046,dataset/analogies/046.pt,ok,47,47,946,pruned_graphs/softmax/alpha_0.50/node_0.02/046_prune_graph.pt,"[0.0, 0.00023959171085152775, 0.0003077682922594249, 0.0015752787003293633, 0.0024026131723076105, 0.0002821542148012668, 0.0016383102629333735, 0.002768248552456498, 0.0050057475455105305, 0.8105202913284302, 0.009274899959564209, 0.0030847033485770226, 0.014508971944451332, 0.14085623621940613, 0.003187309019267559, 0.004347973968833685]"
softmax,047.pt,047,dataset/analogies/047.pt,ok,48,37,572,pruned_graphs/softmax/alpha_0.50/node_0.02/047_prune_graph.pt,"[0.0, 0.0015313545009121299, 0.0017899208469316363, 0.002891154494136572, 0.001262882724404335, 0.04035734385251999, 0.007609445136040449, 0.01557018980383873, 0.3247181177139282, 0.006716249976307154, 0.5902988910675049, 0.003407235024496913, 0.0038472390733659267]"
softmax,048.pt,048,dataset/analogies/048.pt,ok,49,42,735,pruned_graphs/softmax/alpha_0.50/node_0.02/048_prune_graph.pt,"[0.0, 0.00292301457375288, 0.003963348921388388, 0.0028126889374107122, 0.005624672863632441, 0.1766057014465332, 0.0032593461219221354, 0.01628461293876171, 0.1492955982685089, 0.02640821412205696, 0.25403672456741333, 0.34365037083625793, 0.0071920971386134624, 0.007943687960505486]"
softmax,049.pt,049,dataset/analogies/049.pt,ok,50,42,775,pruned_graphs/softmax/alpha_0.50/node_0.02/049_prune_graph.pt,"[0.0, 0.00018197420286014676, 0.00038748537190258503, 0.0005707130185328424, 0.0005061527481302619, 0.004872365389019251, 0.0005278333555907011, 0.0008268742822110653, 0.9377750754356384, 0.0009865096071735024, 0.02923419326543808, 0.018167302012443542, 0.0011077867820858955, 0.004855738021433353]"
softmax,050.pt,050,dataset/analogies/050.pt,ok,51,35,524,pruned_graphs/softmax/alpha_0.50/node_0.02/050_prune_graph.pt,"[0.0, 0.0001612769701750949, 0.0003451067896094173, 0.00022997400083113462, 6.966905493754894e-05, 0.0033363597467541695, 0.00018976394494529814, 0.0003051036619581282, 0.04393867775797844, 0.0011229892261326313, 0.9474937915802002, 0.00032293915865011513, 0.002484341152012348]"
softmax,051.pt,051,dataset/analogies/051.pt,ok,52,42,746,pruned_graphs/softmax/alpha_0.50/node_0.02/051_prune_graph.pt,"[0.0, 0.006744659971445799, 0.009839272126555443, 0.017339646816253662, 0.004181485157459974, 0.12990917265415192, 0.007976189255714417, 0.011303837411105633, 0.6394491195678711, 0.009871317073702812, 0.13248349726200104, 0.011635657399892807, 0.00959514919668436, 0.009670976549386978]"
softmax,052.pt,052,dataset/analogies/052.pt,ok,53,36,584,pruned_graphs/softmax/alpha_0.50/node_0.02/052_prune_graph.pt,"[0.0, 0.0001872791035566479, 0.0001549783191876486, 0.00021506371558643878, 4.974313924321905e-05, 0.01622520200908184, 7.414047286147252e-05, 0.00013459062029141933, 0.003277318086475134, 0.00013478266191668808, 0.9790332913398743, 0.00011638465366559103, 0.00039714272134006023]"
softmax,053.pt,053,dataset/analogies/053.pt,ok,54,38,593,pruned_graphs/softmax/alpha_0.50/node_0.02/053_prune_graph.pt,"[0.0, 0.001967620337381959, 0.0035741052124649286, 0.003071691608056426, 0.000554450845811516, 0.02499403804540634, 0.0037318405229598284, 0.004564850591123104, 0.8029767274856567, 0.002773510292172432, 0.12694497406482697, 0.0027531119994819164, 0.022093098610639572]"
softmax,054.pt,054,dataset/analogies/054.pt,ok,55,34,528,pruned_graphs/softmax/alpha_0.50/node_0.02/054_prune_graph.pt,"[0.0, 0.00012845367018599063, 0.00020157531253062189, 0.0012683243257924914, 0.00046297258813865483, 0.006788335740566254, 0.0010758698917925358, 0.00192490394692868, 0.10196925699710846, 0.0007191067561507225, 0.8822280168533325, 0.0012485296465456486, 0.0019846740178763866]"
softmax,055.pt,055,dataset/analogies/055.pt,ok,56,38,654,pruned_graphs/softmax/alpha_0.50/node_0.02/055_prune_graph.pt,"[0.0, 0.00023312786652240902, 0.00037021393654868007, 0.00034387773484922945, 7.545527478214353e-05, 0.02753308042883873, 0.00020390925055835396, 0.00022104923846200109, 0.004912600852549076, 0.0003188532136846334, 0.9650049805641174, 0.000165837598615326, 0.0006170988199301064]"
softmax,056.pt,056,dataset/analogies/056.pt,ok,57,37,607,pruned_graphs/softmax/alpha_0.50/node_0.02/056_prune_graph.pt,"[0.0, 0.0007088835118338466, 0.0003177504404447973, 0.0017860420048236847, 0.00040154854650609195, 0.05568435415625572, 0.0005621016025543213, 0.004258973523974419, 0.012657097540795803, 0.006684649270027876, 0.0029104717541486025, 0.8375118970870972, 0.0029886846896260977, 0.0735275074839592]"
softmax,057.pt,057,dataset/analogies/057.pt,ok,58,38,632,pruned_graphs/softmax/alpha_0.50/node_0.02/057_prune_graph.pt,"[0.0, 0.00093869335250929, 0.0009297243668697774, 0.0012843430740758777, 0.00022931881539989263, 0.02017896994948387, 0.001850919215939939, 0.002536168321967125, 0.04740522801876068, 0.002015584846958518, 0.9161226153373718, 0.0013021663762629032, 0.005206217523664236]"
softmax,058.pt,058,dataset/analogies/058.pt,ok,59,41,724,pruned_graphs/softmax/alpha_0.50/node_0.02/058_prune_graph.pt,"[0.0, 0.0006031909142620862, 0.0003833458467852324, 0.0013429661048576236, 0.0003539211174938828, 0.2867600619792938, 0.0006282825488597155, 0.001665643067099154, 0.36569562554359436, 0.0017449347069486976, 0.3359788954257965, 0.0007404276402667165, 0.00410267012193799]"
softmax,059.pt,059,dataset/analogies/059.pt,ok,60,36,568,pruned_graphs/softmax/alpha_0.50/node_0.02/059_prune_graph.pt,"[0.0, 4.878149411524646e-05, 4.458266994333826e-05, 0.0002505481825210154, 6.121161277405918e-05, 0.09979970753192902, 0.0002851317112799734, 0.0007722344598732889, 0.0027983246836811304, 0.00024424196453765035, 0.8852906227111816, 0.00019154325127601624, 0.010212967172265053]"
softmax,060.pt,060,dataset/analogies/060.pt,ok,61,38,636,pruned_graphs/softmax/alpha_0.50/node_0.02/060_prune_graph.pt,"[0.0, 0.0003623373922891915, 0.00021521230519283563, 0.0009229893912561238, 0.0002946491586044431, 0.007864301092922688, 0.0008655323763377964, 0.0009885256877169013, 0.951521635055542, 0.0015139629831537604, 0.03277997672557831, 0.000474040221888572, 0.0021968975197523832]"
softmax,061.pt,061,dataset/analogies/061.pt,ok,62,41,750,pruned_graphs/softmax/alpha_0.50/node_0.02/061_prune_graph.pt,"[0.0, 0.0004537704517133534, 0.00019003117631655186, 0.00028761057183146477, 0.00017559112166054547, 0.04650226607918739, 0.0004102378152310848, 0.0006261578528210521, 0.003598292823880911, 0.0419267863035202, 0.00022724478913005441, 0.8856913447380066, 0.00037086065276525915, 0.019539862871170044]"
softmax,062.pt,062,dataset/analogies/062.pt,ok,63,41,705,pruned_graphs/softmax/alpha_0.50/node_0.02/062_prune_graph.pt,"[0.0, 0.0035146339796483517, 0.003939029294997454, 0.0070679569616913795, 0.005747693590819836, 0.05118329077959061, 0.006808248348534107, 0.015746934339404106, 0.16702808439731598, 0.02675957791507244, 0.0038004012312740088, 0.6257633566856384, 0.005460391752421856, 0.07718046754598618]"
softmax,063.pt,063,dataset/analogies/063.pt,ok,64,40,680,pruned_graphs/softmax/alpha_0.50/node_0.02/063_prune_graph.pt,"[0.0, 0.004748399835079908, 0.006834051106125116, 0.0015255047474056482, 0.0008783161756582558, 0.07681243121623993, 0.0016320336144417524, 0.007300030440092087, 0.43996885418891907, 0.0042099012061953545, 0.41230034828186035, 0.0024038117844611406, 0.041386280208826065]"
softmax,064.pt,064,dataset/analogies/064.pt,ok,65,39,666,pruned_graphs/softmax/alpha_0.50/node_0.02/064_prune_graph.pt,"[0.0, 9.133990533882752e-05, 0.0002264555514557287, 0.00033445245935581625, 7.427653326885775e-05, 0.004498453810811043, 0.00011735582666005939, 0.00023948511807247996, 0.0007788483635522425, 0.0007733915117569268, 7.587532309116796e-05, 0.992277204990387, 0.00019628938753157854, 0.0003166471724398434]"
softmax,065.pt,065,dataset/analogies/065.pt,ok,66,40,711,pruned_graphs/softmax/alpha_0.50/node_0.02/065_prune_graph.pt,"[0.0, 0.00045105107710696757, 0.00034101176424883306, 0.0003067071083933115, 0.000435215188190341, 0.08708269894123077, 0.000802249473053962, 0.0020662620663642883, 0.8443935513496399, 0.00042807860882021487, 0.05936267599463463, 0.00034558543120510876, 0.003984918352216482]"
softmax,066.pt,066,dataset/analogies/066.pt,ok,67,45,836,pruned_graphs/softmax/alpha_0.50/node_0.02/066_prune_graph.pt,"[0.0, 0.0027844365686178207, 0.008696850389242172, 0.008298177272081375, 0.0030945187900215387, 0.20389768481254578, 0.019844865426421165, 0.00945005752146244, 0.014375722967088223, 0.22640115022659302, 0.0037230374291539192, 0.27087265253067017, 0.21159666776657104, 0.008153585717082024, 0.008810617960989475]"
softmax,067.pt,067,dataset/analogies/067.pt,ok,68,41,748,pruned_graphs/softmax/alpha_0.50/node_0.02/067_prune_graph.pt,"[0.0, 0.0003806572058238089, 0.00037293595960363746, 0.0005710655823349953, 0.00038131882320158184, 0.04470270499587059, 0.0008429968147538602, 0.0019490855047479272, 0.01747836545109749, 0.0012338281376287341, 0.0002734149165917188, 0.870129406452179, 0.0010352941462770104, 0.060649044811725616]"
softmax,068.pt,068,dataset/analogies/068.pt,ok,69,32,409,pruned_graphs/softmax/alpha_0.50/node_0.02/068_prune_graph.pt,"[0.0, 0.007898964919149876, 0.006259571295231581, 0.006815503351390362, 0.007123507093638182, 0.07121991366147995, 0.007872255519032478, 0.02844679169356823, 0.3153039216995239, 0.006766776088625193, 0.17849598824977875, 0.006201043725013733, 0.3575957715511322]"
softmax,069.pt,069,dataset/analogies/069.pt,ok,70,39,680,pruned_graphs/softmax/alpha_0.50/node_0.02/069_prune_graph.pt,"[0.0, 0.00019410242384765297, 8.765755774220452e-05, 0.00016269752813968807, 0.0001355135318590328, 0.00422891229391098, 0.0001772973482729867, 0.00040406855987384915, 0.5757343173027039, 9.838493861025199e-05, 0.40926289558410645, 0.00011448466102592647, 0.009399756789207458]"
softmax,070.pt,070,dataset/analogies/070.pt,ok,71,39,652,pruned_graphs/softmax/alpha_0.50/node_0.02/070_prune_graph.pt,"[0.0, 0.0010916485916823149, 0.001517549972049892, 0.0020647794008255005, 0.0010686119785532355, 0.03428439423441887, 0.0049891285598278046, 0.0028632511384785175, 0.0038545571733266115, 0.6210924983024597, 0.010149344801902771, 0.25542789697647095, 0.0023315378930419683, 0.05926479026675224]"
softmax,071.pt,071,dataset/analogies/071.pt,ok,72,35,540,pruned_graphs/softmax/alpha_0.50/node_0.02/071_prune_graph.pt,"[0.0, 0.0014288855018094182, 0.002053589094430208, 0.0012439342681318521, 0.000386825850000605, 0.008465919643640518, 0.0018405813025310636, 0.0016900927294045687, 0.009851857088506222, 0.003324830438941717, 0.9647300839424133, 0.0010131383314728737, 0.003970131743699312]"
softmax,072.pt,072,dataset/analogies/072.pt,ok,73,40,680,pruned_graphs/softmax/alpha_0.50/node_0.02/072_prune_graph.pt,"[0.0, 0.002243013121187687, 0.0014713251730427146, 0.0037262977566570044, 0.0005480858380906284, 0.3075317442417145, 0.00339917722158134, 0.007840252481400967, 0.22169320285320282, 0.0046737417578697205, 0.43245232105255127, 0.0014299439499154687, 0.01299087144434452]"
softmax,073.pt,073,dataset/analogies/073.pt,ok,74,37,561,pruned_graphs/softmax/alpha_0.50/node_0.02/073_prune_graph.pt,"[0.0, 0.006258675828576088, 0.012956542894244194, 0.014632142148911953, 0.006982855964452028, 0.5123844146728516, 0.013448609039187431, 0.029821690171957016, 0.10286996513605118, 0.019953090697526932, 0.15657414495944977, 0.00927289854735136, 0.11484503000974655]"
softmax,074.pt,074,dataset/analogies/074.pt,ok,75,40,683,pruned_graphs/softmax/alpha_0.50/node_0.02/074_prune_graph.pt,"[0.0, 0.0007735322578810155, 0.0010815742425620556, 0.003415703075006604, 0.0006298943189904094, 0.07264002412557602, 0.00715457322075963, 0.000396083778468892, 0.021860336884856224, 0.0032691597007215023, 0.8826912641525269, 0.0026502993423491716, 0.003437506267800927]"
softmax,075.pt,075,dataset/analogies/075.pt,ok,76,37,559,pruned_graphs/softmax/alpha_0.50/node_0.02/075_prune_graph.pt,"[0.0, 0.0021926420740783215, 0.012470419518649578, 0.01165382843464613, 0.0055669378489255905, 0.037579044699668884, 0.01485392265021801, 0.01181859616190195, 0.6953299641609192, 0.009538219310343266, 0.08197793364524841, 0.004416684620082378, 0.11260180175304413]"
softmax,076.pt,076,dataset/analogies/076.pt,ok,77,36,542,pruned_graphs/softmax/alpha_0.50/node_0.02/076_prune_graph.pt,"[0.0, 0.005093157757073641, 0.027507012709975243, 0.03979388251900673, 0.0010626183357089758, 0.14491106569766998, 0.0047410898841917515, 0.009526466950774193, 0.08166375756263733, 0.018228301778435707, 0.6078111529350281, 0.0032231262885034084, 0.05643835663795471]"
softmax,077.pt,077,dataset/analogies/077.pt,ok,78,41,707,pruned_graphs/softmax/alpha_0.50/node_0.02/077_prune_graph.pt,"[0.0, 0.02249358966946602, 0.021766187623143196, 0.015710532665252686, 0.003890081075951457, 0.18293124437332153, 0.025561604648828506, 0.04940381646156311, 0.23828637599945068, 0.010214697569608688, 0.16138368844985962, 0.21326415240764618, 0.021421262994408607, 0.03367270901799202]"
softmax,078.pt,078,dataset/analogies/078.pt,ok,79,42,740,pruned_graphs/softmax/alpha_0.50/node_0.02/078_prune_graph.pt,"[0.0, 0.0045560733415186405, 0.0007894678856246173, 0.007457813248038292, 0.003648033132776618, 0.07819914072751999, 0.007427643518894911, 0.016463154926896095, 0.0037891443353146315, 0.004499542061239481, 0.003596934489905834, 0.8461483716964722, 0.003644627286121249, 0.019780129194259644]"
softmax,079.pt,079,dataset/analogies/079.pt,ok,80,38,620,pruned_graphs/softmax/alpha_0.50/node_0.02/079_prune_graph.pt,"[0.0, 0.002085874555632472, 0.0029951478354632854, 0.009544029831886292, 0.002803067211061716, 0.03242972120642662, 0.004434675443917513, 0.0039895870722830296, 0.03274008631706238, 0.004921460058540106, 0.870505154132843, 0.002464078599587083, 0.031087219715118408]"
softmax,080.pt,080,dataset/analogies/080.pt,ok,81,38,559,pruned_graphs/softmax/alpha_0.50/node_0.02/080_prune_graph.pt,"[0.0, 0.008151167072355747, 0.005769339855760336, 0.012207544408738613, 0.003293608082458377, 0.20717813074588776, 0.00855756551027298, 0.005944363307207823, 0.5166695713996887, 0.003475530305877328, 0.19157123565673828, 0.013763920404016972, 0.02341805212199688]"
softmax,081.pt,081,dataset/analogies/081.pt,ok,82,36,529,pruned_graphs/softmax/alpha_0.50/node_0.02/081_prune_graph.pt,"[0.0, 0.005365230608731508, 0.001995180267840624, 0.0033687828108668327, 0.0009393758955411613, 0.1814979463815689, 0.0029803195502609015, 0.004326976835727692, 0.6894988417625427, 0.002135333139449358, 0.08927834033966064, 0.005773881915956736, 0.012839793227612972]"
softmax,082.pt,082,dataset/analogies/082.pt,ok,83,36,504,pruned_graphs/softmax/alpha_0.50/node_0.02/082_prune_graph.pt,"[0.0, 0.007431132718920708, 0.00225286977365613, 0.00873422622680664, 0.0012153026182204485, 0.0881902426481247, 0.004312720615416765, 0.004220948088914156, 0.7480760812759399, 0.002607239643111825, 0.10085104405879974, 0.007913934998214245, 0.024194248020648956]"
softmax,083.pt,083,dataset/analogies/083.pt,ok,84,36,518,pruned_graphs/softmax/alpha_0.50/node_0.02/083_prune_graph.pt,"[0.0, 0.00460779806599021, 0.0032712891697883606, 0.013698185794055462, 0.001960760448127985, 0.0807013064622879, 0.005931857507675886, 0.004324513953179121, 0.6720265746116638, 0.004941810388118029, 0.17045371234416962, 0.010378556326031685, 0.02770366705954075]"
softmax,084.pt,084,dataset/analogies/084.pt,ok,85,33,422,pruned_graphs/softmax/alpha_0.50/node_0.02/084_prune_graph.pt,"[0.0, 0.004344507586210966, 0.005874055903404951, 0.0054419259540736675, 0.001955029321834445, 0.21659095585346222, 0.0033430680632591248, 0.00307962903752923, 0.6664940118789673, 0.0027108413632959127, 0.07616569101810455, 0.006198015064001083, 0.007802347186952829]"
softmax,085.pt,085,dataset/analogies/085.pt,ok,86,35,511,pruned_graphs/softmax/alpha_0.50/node_0.02/085_prune_graph.pt,"[0.0, 0.008508685976266861, 0.0018201854545623064, 0.0132195008918643, 0.001593436929397285, 0.029024550691246986, 0.011036572977900505, 0.004930257797241211, 0.5013986229896545, 0.003129352582618594, 0.3848850429058075, 0.009084360674023628, 0.0313694067299366]"
softmax,086.pt,086,dataset/analogies/086.pt,ok,87,36,505,pruned_graphs/softmax/alpha_0.50/node_0.02/086_prune_graph.pt,"[0.0, 0.0075263031758368015, 0.006813082378357649, 0.013838580809533596, 0.00336861377581954, 0.15187837183475494, 0.007203869521617889, 0.007202534005045891, 0.6187462210655212, 0.006916849408298731, 0.14134295284748077, 0.01141855027526617, 0.023744087666273117]"
softmax,087.pt,087,dataset/analogies/087.pt,ok,88,38,588,pruned_graphs/softmax/alpha_0.50/node_0.02/087_prune_graph.pt,"[0.0, 0.006009865086525679, 0.01276562362909317, 0.011006510816514492, 0.0024856838863343, 0.1724921315908432, 0.005920653231441975, 0.006263310089707375, 0.26952600479125977, 0.004856505431234837, 0.4630180299282074, 0.011896194890141487, 0.03375939279794693]"
softmax,088.pt,088,dataset/analogies/088.pt,ok,89,37,535,pruned_graphs/softmax/alpha_0.50/node_0.02/088_prune_graph.pt,"[0.0, 0.006942309904843569, 0.008572960272431374, 0.01244587916880846, 0.0024044273886829615, 0.5475372672080994, 0.006491032429039478, 0.004325004760175943, 0.34559857845306396, 0.0035262464080005884, 0.04379205405712128, 0.005862878169864416, 0.012501372955739498]"
softmax,089.pt,089,dataset/analogies/089.pt,ok,90,34,479,pruned_graphs/softmax/alpha_0.50/node_0.02/089_prune_graph.pt,"[0.0, 0.0007588143344037235, 0.0017027566209435463, 0.0008241625619120896, 0.0005557836848311126, 0.01408061757683754, 0.0010470949346199632, 0.001122906687669456, 0.9729200601577759, 0.0003772801428567618, 0.002479591639712453, 0.0016431817784905434, 0.002487770514562726]"
softmax,090.pt,090,dataset/analogies/090.pt,ok,91,35,553,pruned_graphs/softmax/alpha_0.50/node_0.02/090_prune_graph.pt,"[0.0, 9.71294502960518e-05, 0.00012367333692964166, 0.0001596785441506654, 3.961328184232116e-05, 0.0031058730091899633, 0.0005777113256044686, 2.3019676518742926e-05, 0.0002957142423838377, 0.0005231624818406999, 0.9942448139190674, 0.00014576200919691473, 0.0006638746126554906]"
softmax,091.pt,091,dataset/analogies/091.pt,ok,92,36,583,pruned_graphs/softmax/alpha_0.50/node_0.02/091_prune_graph.pt,"[0.0, 5.050866548117483e-06, 1.407999388902681e-05, 9.477182902628556e-05, 1.5916259144432843e-05, 0.0005248029483482242, 3.495339478831738e-05, 0.0001149114832514897, 0.00033163902116939425, 0.0010079239727929235, 0.9972236156463623, 7.827901572454721e-05, 0.0005541026475839317]"
softmax,092.pt,092,dataset/analogies/092.pt,ok,93,38,646,pruned_graphs/softmax/alpha_0.50/node_0.02/092_prune_graph.pt,"[0.0, 6.585956271010218e-06, 4.3605718929029536e-06, 8.706929293111898e-06, 6.889876658533467e-06, 0.0012975706486031413, 4.4062967390345875e-06, 2.488751670171041e-05, 3.380224734428339e-05, 0.00015861261636018753, 0.9984396696090698, 3.656862418210949e-06, 1.083923507394502e-05]"
softmax,093.pt,093,dataset/analogies/093.pt,ok,94,38,590,pruned_graphs/softmax/alpha_0.50/node_0.02/093_prune_graph.pt,"[0.0, 0.00023742485791444778, 0.0011901134857907891, 0.0007569880108349025, 0.0001257506082765758, 0.8512722253799438, 0.00020690815290436149, 0.0003267086576670408, 0.0325905978679657, 0.0008323712972924113, 0.11092691123485565, 0.0002563553862273693, 0.0012776105431839824]"
softmax,094.pt,094,dataset/analogies/094.pt,ok,95,37,610,pruned_graphs/softmax/alpha_0.50/node_0.02/094_prune_graph.pt,"[0.0, 2.0931493054376915e-05, 2.6753285055747256e-05, 5.694552601198666e-05, 1.9396868083276786e-05, 0.005632032174617052, 0.0001360767928417772, 0.0006682748789899051, 0.0019530162680894136, 0.00045469545875675976, 0.9909282326698303, 2.2996840925770812e-05, 8.066813461482525e-05]"
softmax,095.pt,095,dataset/analogies/095.pt,ok,96,40,714,pruned_graphs/softmax/alpha_0.50/node_0.02/095_prune_graph.pt,"[0.0, 0.0009822945576161146, 0.0005666770157404244, 0.0010588944423943758, 0.0002644248597789556, 0.021195953711867332, 0.000877520302310586, 0.001142079010605812, 0.0027228889521211386, 0.001008273451589048, 0.9693531394004822, 0.0003599482006393373, 0.00046800432028248906]"
softmax,096.pt,096,dataset/analogies/096.pt,ok,97,41,722,pruned_graphs/softmax/alpha_0.50/node_0.02/096_prune_graph.pt,"[0.0, 0.001026863232254982, 0.0030038105323910713, 0.0007058847695589066, 0.0012687745038419962, 0.09643498808145523, 0.0013813721016049385, 0.0012551426189020276, 0.01335587166249752, 0.0045951614156365395, 0.005845642648637295, 0.8616619110107422, 0.004109228029847145, 0.005355249624699354]"
softmax,097.pt,097,dataset/analogies/097.pt,ok,98,39,665,pruned_graphs/softmax/alpha_0.50/node_0.02/097_prune_graph.pt,"[0.0, 0.001202438143081963, 0.0028051212430000305, 0.0037773915100842714, 0.0016561038792133331, 0.021540766581892967, 0.0016986747505143285, 0.008273628540337086, 0.007831980474293232, 0.007925431244075298, 0.0011229021474719048, 0.7857297658920288, 0.0007576720672659576, 0.1556781679391861]"
softmax,098.pt,098,dataset/analogies/098.pt,ok,99,37,615,pruned_graphs/softmax/alpha_0.50/node_0.02/098_prune_graph.pt,"[0.0, 8.337125473190099e-05, 0.00011915418872376904, 0.0010224425932392478, 0.00014347457909025252, 0.004439359065145254, 0.0007767340284772217, 0.0027347723953425884, 0.0005831383168697357, 0.0019527843687683344, 0.9873502254486084, 0.0002103955630445853, 0.0005841864622198045]"
softmax,099.pt,099,dataset/analogies/099.pt,ok,100,40,722,pruned_graphs/softmax/alpha_0.50/node_0.02/099_prune_graph.pt,"[0.0, 2.0692681573564187e-05, 6.9548646024486516e-06, 3.451469819992781e-05, 1.3040346857451368e-05, 5.3944855608278885e-05, 3.428616764722392e-05, 7.873881259001791e-05, 5.2663977839984e-05, 3.874335379805416e-05, 0.9995869994163513, 1.53864730236819e-05, 6.410235801013187e-05]"
entmax,000.pt,000,dataset/analogies/000.pt,skipped_existing,1,47,988,pruned_graphs/entmax/alpha_0.50/node_0.02/000_prune_graph.pt,
entmax,001.pt,001,dataset/analogies/001.pt,ok,2,43,807,pruned_graphs/entmax/alpha_0.50/node_0.02/001_prune_graph.pt,"[0.0, 0.0, 0.0, 0.0, 0.0, 0.11439093947410583, 0.0, 0.0, 0.0, 0.0, 0.8848881125450134, 0.000720931333489716, 0.0, 0.0]"
entmax,002.pt,002,dataset/analogies/002.pt,ok,3,50,1119,pruned_graphs/entmax/alpha_0.50/node_0.02/002_prune_graph.pt,"[0.0, 0.0, 0.0, 0.0, 0.0, 0.0, 0.0, 0.0, 0.0, 0.0, 0.0, 0.0, 0.0, 1.0, 0.0, 0.0]"
entmax,003.pt,003,dataset/analogies/003.pt,ok,4,40,709,pruned_graphs/entmax/alpha_0.50/node_0.02/003_prune_graph.pt,"[0.0, 0.0, 0.0, 0.0, 0.0, 0.0016057221218943596, 0.09594649076461792, 0.0, 0.0, 0.0016565100522711873, 0.0, 0.00012881583825219423, 0.6875535249710083, 0.0, 0.21310898661613464]"
entmax,004.pt,004,dataset/analogies/004.pt,ok,5,45,903,pruned_graphs/entmax/alpha_0.50/node_0.02/004_prune_graph.pt,"[0.0, 0.0, 0.0, 0.0, 0.0, 0.07257147133350372, 0.0, 0.0, 0.0, 0.0, 0.0, 0.0, 0.9274285435676575, 0.0, 0.0]"
entmax,005.pt,005,dataset/analogies/005.pt,ok,6,46,944,pruned_graphs/entmax/alpha_0.50/node_0.02/005_prune_graph.pt,"[0.0, 0.0, 0.0, 0.0, 0.0, 0.15446540713310242, 0.0, 0.0, 0.04015842825174332, 0.0027391586918383837, 0.0, 0.6672029495239258, 0.038804441690444946, 0.0, 0.09662959724664688]"
entmax,006.pt,006,dataset/analogies/006.pt,ok,7,44,852,pruned_graphs/entmax/alpha_0.50/node_0.02/006_prune_graph.pt,"[0.0, 0.0, 0.0, 0.0, 0.0, 0.0, 0.0003157351748086512, 0.0, 0.0, 0.0, 0.0, 0.0, 0.9996842741966248, 0.0, 0.0]"
entmax,007.pt,007,dataset/analogies/007.pt,ok,8,45,913,pruned_graphs/entmax/alpha_0.50/node_0.02/007_prune_graph.pt,"[0.0, 0.0, 0.0, 0.0, 0.0, 0.0, 3.5476969060255215e-06, 0.0, 0.0, 0.020221706479787827, 0.0, 0.0, 0.9797582030296326, 0.0, 1.6583258911850862e-05]"
entmax,008.pt,008,dataset/analogies/008.pt,ok,9,46,932,pruned_graphs/entmax/alpha_0.50/node_0.02/008_prune_graph.pt,"[0.0, 0.0, 0.0, 0.0, 0.0, 0.0, 0.0, 0.0, 0.0, 0.0, 0.0, 0.0, 0.0, 0.9996588826179504, 0.0, 0.0003411067300476134]"
entmax,009.pt,009,dataset/analogies/009.pt,ok,10,44,872,pruned_graphs/entmax/alpha_0.50/node_0.02/009_prune_graph.pt,"[0.0, 0.0, 0.0, 0.0, 0.0, 0.0, 0.0, 0.0, 0.0, 6.426127220038325e-05, 0.0, 0.0, 0.00040016547427512705, 0.9910222291946411, 0.0, 0.008513350039720535]"
entmax,010.pt,010,dataset/analogies/010.pt,ok,11,49,1080,pruned_graphs/entmax/alpha_0.50/node_0.02/010_prune_graph.pt,"[0.0, 0.0, 0.0, 0.0, 0.0, 0.0, 0.14788317680358887, 0.0, 0.0, 0.763393759727478, 0.0, 0.0, 0.0887230634689331, 0.0, 0.0]"
entmax,011.pt,011,dataset/analogies/011.pt,ok,12,37,618,pruned_graphs/entmax/alpha_0.50/node_0.02/011_prune_graph.pt,"[0.0, 0.0, 0.0, 0.0, 0.0, 0.08888696879148483, 0.0, 0.0, 0.7538783550262451, 0.0, 0.15723471343517303, 0.0, 0.0]"
entmax,012.pt,012,dataset/analogies/012.pt,ok,13,45,917,pruned_graphs/entmax/alpha_0.50/node_0.02/012_prune_graph.pt,"[0.0, 0.0, 0.0, 0.0, 0.0, 0.0031309318728744984, 0.0, 0.0, 0.0, 0.2182704210281372, 0.0, 0.14550091326236725, 0.633097767829895, 0.0, 0.0]"
entmax,013.pt,013,dataset/analogies/013.pt,ok,14,36,588,pruned_graphs/entmax/alpha_0.50/node_0.02/013_prune_graph.pt,"[0.0, 0.0, 0.0, 0.0, 0.0, 0.0, 0.0, 0.0, 0.0, 0.9865581393241882, 0.0, 0.013441871851682663, 0.0, 0.0]"
entmax,014.pt,014,dataset/analogies/014.pt,ok,15,42,791,pruned_graphs/entmax/alpha_0.50/node_0.02/014_prune_graph.pt,"[0.0, 0.0, 0.0, 0.0, 0.0, 7.096849731169641e-05, 0.0, 0.0, 0.8850550055503845, 0.0, 8.294539534381418e-12, 0.11487402766942978, 0.0, 0.0]"
entmax,015.pt,015,dataset/analogies/015.pt,ok,16,47,961,pruned_graphs/entmax/alpha_0.50/node_0.02/015_prune_graph.pt,"[0.0, 0.0, 1.7512581962364493e-06, 0.021646298468112946, 1.3028221701461007e-07, 0.4183843433856964, 0.05041563883423805, 0.011516431346535683, 0.32067206501960754, 0.01198666449636221, 0.13396187126636505, 0.010759971104562283, 0.006087146699428558, 0.0006675431504845619, 0.013900166377425194]"
entmax,016.pt,016,dataset/analogies/016.pt,ok,17,46,923,pruned_graphs/entmax/alpha_0.50/node_0.02/016_prune_graph.pt,"[0.0, 0.0, 0.0, 0.0, 0.0, 5.056491318100598e-06, 0.0, 0.0, 0.0, 0.756818950176239, 0.0, 0.0, 0.24317604303359985, 0.0, 0.0]"
entmax,017.pt,017,dataset/analogies/017.pt,ok,18,40,717,pruned_graphs/entmax/alpha_0.50/node_0.02/017_prune_graph.pt,"[0.0, 0.0, 0.0, 0.0, 0.0, 0.0, 0.0, 0.0, 0.0, 0.9999876022338867, 0.0, 1.2445895663404372e-05, 0.0, 0.0]"
entmax,018.pt,018,dataset/analogies/018.pt,ok,19,42,780,pruned_graphs/entmax/alpha_0.50/node_0.02/018_prune_graph.pt,"[0.0, 0.0, 0.0, 0.0, 0.0, 0.10889922082424164, 0.0, 0.0, 0.8911007642745972, 0.0, 0.0, 0.0, 0.0, 0.0]"
entmax,019.pt,019,dataset/analogies/019.pt,ok,20,42,786,pruned_graphs/entmax/alpha_0.50/node_0.02/019_prune_graph.pt,"[0.0, 0.0, 0.0, 0.0, 0.0, 0.0, 0.0, 0.0, 0.0, 0.9826632738113403, 0.0, 0.01733674481511116, 0.0, 0.0]"
entmax,020.pt,020,dataset/analogies/020.pt,ok,21,53,1262,pruned_graphs/entmax/alpha_0.50/node_0.02/020_prune_graph.pt,"[0.0, 0.0, 0.0, 0.0, 3.574465517885983e-05, 0.03768344596028328, 0.00866247620433569, 8.298302418552339e-05, 0.00019598673679865897, 0.0033343806862831116, 0.0007843025377951562, 0.4530203938484192, 2.838844375219196e-05, 0.005223638843744993, 0.12571172416210175, 7.331087772399769e-07, 0.365235835313797]"
entmax,021.pt,021,dataset/analogies/021.pt,ok,22,47,971,pruned_graphs/entmax/alpha_0.50/node_0.02/021_prune_graph.pt,"[0.0, 0.0, 0.0, 0.0, 0.0, 0.0, 0.0, 0.0, 0.0, 0.0, 0.0, 0.0, 0.0, 1.0, 0.0, 0.0]"
entmax,022.pt,022,dataset/analogies/022.pt,ok,23,48,1018,pruned_graphs/entmax/alpha_0.50/node_0.02/022_prune_graph.pt,"[0.0, 0.0, 0.0, 0.0, 0.0, 0.02758563682436943, 0.030231153592467308, 7.100102084223181e-05, 0.0, 0.08479724824428558, 0.0011359318159520626, 0.013034946285188198, 0.073005311191082, 0.7407551407814026, 0.0, 0.029383674263954163]"
entmax,023.pt,023,dataset/analogies/023.pt,ok,24,43,809,pruned_graphs/entmax/alpha_0.50/node_0.02/023_prune_graph.pt,"[0.0, 0.0, 0.0, 0.0, 0.0, 0.00011219144653296098, 7.237087993416935e-05, 0.0, 0.0, 0.0019709933549165726, 0.001093075959943235, 0.0, 6.231511360965669e-05, 0.8525142073631287, 0.0, 0.14417490363121033]"
entmax,024.pt,024,dataset/analogies/024.pt,ok,25,48,1023,pruned_graphs/entmax/alpha_0.50/node_0.02/024_prune_graph.pt,"[0.0, 0.0, 0.0, 0.0, 0.0, 0.0, 0.0, 0.0, 0.0, 0.0, 0.0005738726467825472, 0.0, 0.0, 0.0, 0.9994261264801025, 0.0, 0.0, 0.0]"
entmax,025.pt,025,dataset/analogies/025.pt,ok,26,48,1015,pruned_graphs/entmax/alpha_0.50/node_0.02/025_prune_graph.pt,"[0.0, 0.0, 0.0001814480492612347, 0.0, 3.7617421639879467e-06, 0.11864420771598816, 0.0037936060689389706, 0.04737735167145729, 0.0005146017647348344, 0.07491154223680496, 0.12369415909051895, 0.03911704942584038, 0.4414188265800476, 0.11502272635698318, 0.00015434582019224763, 0.035166364163160324]"
entmax,026.pt,026,dataset/analogies/026.pt,ok,27,46,936,pruned_graphs/entmax/alpha_0.50/node_0.02/026_prune_graph.pt,"[0.0, 0.0, 0.0, 0.0, 0.0, 0.0, 0.0, 0.0, 0.0, 0.0, 0.0, 0.0, 0.0, 1.0, 0.0, 0.0]"
entmax,027.pt,027,dataset/analogies/027.pt,ok,28,51,1168,pruned_graphs/entmax/alpha_0.50/node_0.02/027_prune_graph.pt,"[0.0, 0.0, 0.0, 0.0, 0.0, 0.07739569991827011, 0.0, 0.0, 0.0, 0.03792314976453781, 0.0, 0.0, 0.8705904483795166, 0.014059782028198242, 0.0, 3.09367424051743e-05]"
entmax,028.pt,028,dataset/analogies/028.pt,ok,29,43,826,pruned_graphs/entmax/alpha_0.50/node_0.02/028_prune_graph.pt,"[0.0, 0.0, 0.0, 0.0, 0.0, 0.0001293913519475609, 5.919943578192033e-05, 0.0, 0.0, 0.0004850982513744384, 0.00025571114383637905, 0.0, 0.9990687370300293, 0.0, 1.8193676396549563e-06]"
entmax,029.pt,029,dataset/analogies/029.pt,ok,30,43,820,pruned_graphs/entmax/alpha_0.50/node_0.02/029_prune_graph.pt,"[0.0, 0.0, 0.0, 0.0, 0.0, 0.022795207798480988, 8.367327245650813e-05, 2.773745291051455e-05, 0.0, 0.021256446838378906, 0.0005087764002382755, 7.3779665399342775e-06, 0.16076962649822235, 0.08997032046318054, 0.0, 0.7045808434486389]"
entmax,030.pt,030,dataset/analogies/030.pt,ok,31,42,790,pruned_graphs/entmax/alpha_0.50/node_0.02/030_prune_graph.pt,"[0.0, 0.0, 0.0, 0.0, 0.0, 0.0, 0.0, 0.0, 0.0, 0.999740719795227, 0.0, 0.0, 0.0002592859382275492, 0.0, 0.0]"
entmax,031.pt,031,dataset/analogies/031.pt,ok,32,48,1024,pruned_graphs/entmax/alpha_0.50/node_0.02/031_prune_graph.pt,"[0.0, 0.0, 0.0, 0.0, 0.0, 0.0, 0.03966720774769783, 0.0, 0.0, 0.0, 0.4763639569282532, 0.0, 0.18250896036624908, 0.2808731496334076, 0.0, 0.02058679610490799]"
entmax,032.pt,032,dataset/analogies/032.pt,ok,33,43,820,pruned_graphs/entmax/alpha_0.50/node_0.02/032_prune_graph.pt,"[0.0, 0.0, 0.0, 0.0, 0.0, 0.0, 0.0, 0.0, 0.0, 1.0, 0.0, 0.0, 0.0, 0.0, 0.0]"
entmax,033.pt,033,dataset/analogies/033.pt,ok,34,47,999,pruned_graphs/entmax/alpha_0.50/node_0.02/033_prune_graph.pt,"[0.0, 0.0, 0.0, 0.0, 0.0, 0.0, 0.0, 0.0, 0.0, 0.0, 0.9853780269622803, 0.0, 0.004910985939204693, 0.009710968472063541, 0.0, 0.0]"
entmax,034.pt,034,dataset/analogies/034.pt,ok,35,42,793,pruned_graphs/entmax/alpha_0.50/node_0.02/034_prune_graph.pt,"[0.0, 0.0, 0.0, 0.0, 0.0, 0.0002454241912346333, 9.172331192530692e-05, 0.0, 0.0, 0.6043017506599426, 0.0, 0.39536115527153015, 0.0, 0.0, 0.0]"
entmax,035.pt,035,dataset/analogies/035.pt,ok,36,46,939,pruned_graphs/entmax/alpha_0.50/node_0.02/035_prune_graph.pt,"[0.0, 0.0, 0.0, 0.0, 0.0, 0.0, 0.0, 0.0, 0.0, 1.0, 0.0, 0.0, 0.0, 0.0, 0.0, 0.0]"
entmax,036.pt,036,dataset/analogies/036.pt,ok,37,38,641,pruned_graphs/entmax/alpha_0.50/node_0.02/036_prune_graph.pt,"[0.0, 0.0, 0.0, 0.0, 0.0, 0.0, 0.0, 0.0, 1.0, 0.0, 0.0, 0.0, 0.0]"
entmax,037.pt,037,dataset/analogies/037.pt,ok,38,47,1000,pruned_graphs/entmax/alpha_0.50/node_0.02/037_prune_graph.pt,"[0.0, 0.0, 0.0, 0.0, 0.0, 0.0, 0.0, 0.0, 0.0, 1.0, 0.0, 0.0, 0.0, 0.0, 0.0, 0.0]"
entmax,038.pt,038,dataset/analogies/038.pt,ok,39,41,757,pruned_graphs/entmax/alpha_0.50/node_0.02/038_prune_graph.pt,"[0.0, 0.0, 0.0, 0.0, 0.0, 0.0, 2.2151779022205886e-10, 0.0, 0.0, 0.9433584809303284, 0.0, 0.05664153769612312, 0.0, 0.0]"
entmax,039.pt,039,dataset/analogies/039.pt,ok,40,49,1088,pruned_graphs/entmax/alpha_0.50/node_0.02/039_prune_graph.pt,"[0.0, 0.0, 0.0, 0.0, 0.0, 0.0, 0.0, 0.0, 0.0, 1.0, 0.0, 0.0, 0.0, 0.0, 0.0, 0.0]"
entmax,040.pt,040,dataset/analogies/040.pt,ok,41,46,920,pruned_graphs/entmax/alpha_0.50/node_0.02/040_prune_graph.pt,"[0.0, 0.0, 0.0, 0.0, 0.0, 0.0, 0.0, 0.0, 0.0, 0.8691038489341736, 0.0, 0.12735824286937714, 0.0035379009786993265, 0.0, 0.0]"
entmax,041.pt,041,dataset/analogies/041.pt,ok,42,45,881,pruned_graphs/entmax/alpha_0.50/node_0.02/041_prune_graph.pt,"[0.0, 0.0, 0.0, 0.0, 0.0, 0.0, 0.0, 0.0, 0.0, 0.4419899880886078, 0.0, 0.0, 0.5580099821090698, 0.0, 0.0, 0.0]"
entmax,042.pt,042,dataset/analogies/042.pt,ok,43,42,779,pruned_graphs/entmax/alpha_0.50/node_0.02/042_prune_graph.pt,"[0.0, 0.0, 0.0, 0.0, 0.0, 0.0, 0.0, 0.0, 0.0, 0.0, 0.7718151807785034, 0.0, 0.22651639580726624, 0.0, 0.0016684718430042267]"
entmax,043.pt,043,dataset/analogies/043.pt,ok,44,42,793,pruned_graphs/entmax/alpha_0.50/node_0.02/043_prune_graph.pt,"[0.0, 0.0, 0.0, 0.0, 0.0, 0.009458216838538647, 0.0, 0.0003825215098913759, 0.028861794620752335, 0.6767851710319519, 1.6761559891165234e-05, 0.06813006848096848, 0.2158495932817459, 0.0003508073277771473, 0.0001650404738029465]"
entmax,044.pt,044,dataset/analogies/044.pt,ok,45,43,840,pruned_graphs/entmax/alpha_0.50/node_0.02/044_prune_graph.pt,"[0.0, 0.0, 0.0, 0.0, 0.0, 0.0, 0.0, 0.0, 0.0, 1.0, 0.0, 0.0, 0.0, 0.0, 0.0]"
entmax,045.pt,045,dataset/analogies/045.pt,ok,46,44,866,pruned_graphs/entmax/alpha_0.50/node_0.02/045_prune_graph.pt,"[0.0, 0.0, 0.0, 0.0, 0.0, 0.0, 0.0, 0.0, 0.0, 0.9196377396583557, 0.0, 0.0, 0.0803285464644432, 0.0, 3.373047729837708e-05]"
entmax,046.pt,046,dataset/analogies/046.pt,ok,47,46,909,pruned_graphs/entmax/alpha_0.50/node_0.02/046_prune_graph.pt,"[0.0, 0.0, 0.0, 0.0, 0.0, 0.0, 0.0, 0.0, 0.0, 0.9146754741668701, 0.0, 0.0, 0.0, 0.08532452583312988, 0.0, 0.0]"
entmax,047.pt,047,dataset/analogies/047.pt,ok,48,33,463,pruned_graphs/entmax/alpha_0.50/node_0.02/047_prune_graph.pt,"[0.0, 0.0, 0.0, 0.0, 0.0, 0.0030156588181853294, 0.0, 0.0, 0.32602396607398987, 0.0, 0.6709603667259216, 0.0, 0.0]"
entmax,048.pt,048,dataset/analogies/048.pt,ok,49,39,686,pruned_graphs/entmax/alpha_0.50/node_0.02/048_prune_graph.pt,"[0.0, 0.0, 0.0, 0.0, 0.0, 0.16689154505729675, 0.0, 3.493767508189194e-06, 0.12716417014598846, 0.0007251152419485152, 0.2840576171875, 0.42115798592567444, 0.0, 0.0]"
entmax,049.pt,049,dataset/analogies/049.pt,ok,50,40,710,pruned_graphs/entmax/alpha_0.50/node_0.02/049_prune_graph.pt,"[0.0, 0.0, 0.0, 0.0, 0.0, 0.0, 0.0, 0.0, 0.9996882081031799, 0.0, 0.0003117660235147923, 3.787391023024611e-08, 0.0, 0.0]"
entmax,050.pt,050,dataset/analogies/050.pt,ok,51,35,524,pruned_graphs/entmax/alpha_0.50/node_0.02/050_prune_graph.pt,"[0.0, 0.0, 0.0, 0.0, 0.0, 0.0, 0.0, 0.0, 0.002873349469155073, 0.0, 0.9971266984939575, 0.0, 0.0]"
entmax,051.pt,051,dataset/analogies/051.pt,ok,52,40,715,pruned_graphs/entmax/alpha_0.50/node_0.02/051_prune_graph.pt,"[0.0, 0.0, 0.0, 5.083059932076139e-06, 0.0, 0.09213492274284363, 0.0, 0.0, 0.8123995065689087, 0.0, 0.09546052664518356, 0.0, 0.0, 0.0]"
entmax,052.pt,052,dataset/analogies/052.pt,ok,53,35,548,pruned_graphs/entmax/alpha_0.50/node_0.02/052_prune_graph.pt,"[0.0, 0.0, 0.0, 0.0, 0.0, 0.0, 0.0, 0.0, 0.0, 0.0, 1.0, 0.0, 0.0]"
entmax,053.pt,053,dataset/analogies/053.pt,ok,54,37,582,pruned_graphs/entmax/alpha_0.50/node_0.02/053_prune_graph.pt,"[0.0, 0.0, 0.0, 0.0, 0.0, 0.00016723541193641722, 0.0, 0.0, 0.9266706109046936, 0.0, 0.07311493158340454, 0.0, 4.717472256743349e-05]"
entmax,054.pt,054,dataset/analogies/054.pt,ok,55,33,497,pruned_graphs/entmax/alpha_0.50/node_0.02/054_prune_graph.pt,"[0.0, 0.0, 0.0, 0.0, 0.0, 0.0, 0.0, 0.0, 0.04105362668633461, 0.0, 0.9589464068412781, 0.0, 0.0]"
entmax,055.pt,055,dataset/analogies/055.pt,ok,56,38,654,pruned_graphs/entmax/alpha_0.50/node_0.02/055_prune_graph.pt,"[0.0, 0.0, 0.0, 0.0, 0.0, 0.0001505863037891686, 0.0, 0.0, 0.0, 0.0, 0.9998494386672974, 0.0, 0.0]"
entmax,056.pt,056,dataset/analogies/056.pt,ok,57,36,588,pruned_graphs/entmax/alpha_0.50/node_0.02/056_prune_graph.pt,"[0.0, 0.0, 0.0, 0.0, 0.0, 0.009764979593455791, 0.0, 0.0, 0.0, 0.0, 0.0, 0.9685272574424744, 0.0, 0.021707788109779358]"
entmax,057.pt,057,dataset/analogies/057.pt,ok,58,37,612,pruned_graphs/entmax/alpha_0.50/node_0.02/057_prune_graph.pt,"[0.0, 0.0, 0.0, 0.0, 0.0, 4.101738795725396e-06, 0.0, 0.0, 0.004467007238417864, 0.0, 0.9955289363861084, 0.0, 0.0]"
entmax,058.pt,058,dataset/analogies/058.pt,ok,59,41,720,pruned_graphs/entmax/alpha_0.50/node_0.02/058_prune_graph.pt,"[0.0, 0.0, 0.0, 0.0, 0.0, 0.2764797806739807, 0.0, 0.0, 0.38151419162750244, 0.0, 0.34200602769851685, 0.0, 0.0]"
entmax,059.pt,059,dataset/analogies/059.pt,ok,60,36,578,pruned_graphs/entmax/alpha_0.50/node_0.02/059_prune_graph.pt,"[0.0, 0.0, 0.0, 0.0, 0.0, 0.03900788351893425, 0.0, 0.0, 0.0, 0.0, 0.960992157459259, 0.0, 0.0]"
entmax,060.pt,060,dataset/analogies/060.pt,ok,61,37,603,pruned_graphs/entmax/alpha_0.50/node_0.02/060_prune_graph.pt,"[0.0, 0.0, 0.0, 0.0, 0.0, 0.0, 0.0, 0.0, 0.9993802309036255, 0.0, 0.0006197982584126294, 0.0, 0.0]"
entmax,061.pt,061,dataset/analogies/061.pt,ok,62,41,763,pruned_graphs/entmax/alpha_0.50/node_0.02/061_prune_graph.pt,"[0.0, 0.0, 0.0, 0.0, 0.0, 0.004664843901991844, 0.0, 0.0, 0.0, 0.0030731232836842537, 0.0, 0.9922581315040588, 0.0, 3.949996425944846e-06]"
entmax,062.pt,062,dataset/analogies/062.pt,ok,63,38,649,pruned_graphs/entmax/alpha_0.50/node_0.02/062_prune_graph.pt,"[0.0, 0.0, 0.0, 0.0, 0.0, 0.010839552618563175, 0.0, 6.123640332589275e-07, 0.14619940519332886, 0.0006641785730607808, 0.0, 0.8095635771751404, 0.0, 0.03273269906640053]"
entmax,063.pt,063,dataset/analogies/063.pt,ok,64,38,628,pruned_graphs/entmax/alpha_0.50/node_0.02/063_prune_graph.pt,"[0.0, 0.0, 0.0, 0.0, 0.0, 0.027154140174388885, 0.0, 0.0, 0.5032790303230286, 0.0, 0.46557655930519104, 0.0, 0.0039902376011013985]"
entmax,064.pt,064,dataset/analogies/064.pt,ok,65,38,629,pruned_graphs/entmax/alpha_0.50/node_0.02/064_prune_graph.pt,"[0.0, 0.0, 0.0, 0.0, 0.0, 0.0, 0.0, 0.0, 0.0, 0.0, 0.0, 1.0, 0.0, 0.0]"
entmax,065.pt,065,dataset/analogies/065.pt,ok,66,40,713,pruned_graphs/entmax/alpha_0.50/node_0.02/065_prune_graph.pt,"[0.0, 0.0, 0.0, 0.0, 0.0, 0.03147764876484871, 0.0, 0.0, 0.957308828830719, 0.0, 0.011213555932044983, 0.0, 0.0]"
entmax,066.pt,066,dataset/analogies/066.pt,ok,67,42,785,pruned_graphs/entmax/alpha_0.50/node_0.02/066_prune_graph.pt,"[0.0, 0.0, 0.0, 0.0, 0.0, 0.21239440143108368, 8.65399488247931e-05, 0.0, 6.310240507900744e-08, 0.24709159135818481, 0.0, 0.3161975145339966, 0.22422988712787628, 0.0, 0.0]"
entmax,067.pt,067,dataset/analogies/067.pt,ok,68,40,713,pruned_graphs/entmax/alpha_0.50/node_0.02/067_prune_graph.pt,"[0.0, 0.0, 0.0, 0.0, 0.0, 0.00415041483938694, 0.0, 0.0, 1.3171805335332465e-07, 0.0, 0.0, 0.9839779734611511, 0.0, 0.011871539987623692]"
entmax,068.pt,068,dataset/analogies/068.pt,ok,69,30,399,pruned_graphs/entmax/alpha_0.50/node_0.02/068_prune_graph.pt,"[0.0, 0.0, 0.0, 0.0, 0.0, 0.02783159352838993, 0.0, 0.0010268916375935078, 0.3708857595920563, 0.0, 0.16583476960659027, 0.0, 0.43442097306251526]"
entmax,069.pt,069,dataset/analogies/069.pt,ok,70,38,645,pruned_graphs/entmax/alpha_0.50/node_0.02/069_prune_graph.pt,"[0.0, 0.0, 0.0, 0.0, 0.0, 0.0, 0.0, 0.0, 0.6005569100379944, 0.0, 0.3994430601596832, 0.0, 0.0]"
entmax,070.pt,070,dataset/analogies/070.pt,ok,71,36,576,pruned_graphs/entmax/alpha_0.50/node_0.02/070_prune_graph.pt,"[0.0, 0.0, 0.0, 0.0, 0.0, 0.0016895702574402094, 0.0, 0.0, 0.0, 0.7382538914680481, 0.0, 0.24676015973091125, 0.0, 0.013296423479914665]"
entmax,071.pt,071,dataset/analogies/071.pt,ok,72,34,512,pruned_graphs/entmax/alpha_0.50/node_0.02/071_prune_graph.pt,"[0.0, 0.0, 0.0, 0.0, 0.0, 0.0, 0.0, 0.0, 0.0, 0.0, 1.0, 0.0, 0.0]"
entmax,072.pt,072,dataset/analogies/072.pt,ok,73,39,666,pruned_graphs/entmax/alpha_0.50/node_0.02/072_prune_graph.pt,"[0.0, 0.0, 0.0, 0.0, 0.0, 0.31563594937324524, 0.0, 0.0, 0.19878476858139038, 0.0, 0.485579252243042, 0.0, 0.0]"
entmax,073.pt,073,dataset/analogies/073.pt,ok,74,39,654,pruned_graphs/entmax/alpha_0.50/node_0.02/073_prune_graph.pt,"[0.0, 0.0, 0.0, 4.007973473107995e-07, 0.0, 0.6982678771018982, 2.7574023619969523e-10, 0.001703709363937378, 0.06910818070173264, 0.00011125428136438131, 0.145619198679924, 0.0, 0.08518937975168228]"
entmax,074.pt,074,dataset/analogies/074.pt,ok,75,40,682,pruned_graphs/entmax/alpha_0.50/node_0.02/074_prune_graph.pt,"[0.0, 0.0, 0.0, 0.0, 0.0, 0.018917590379714966, 0.0, 0.0, 2.4921331714722328e-05, 0.0, 0.9810574650764465, 0.0, 0.0]"
entmax,075.pt,075,dataset/analogies/075.pt,ok,76,35,534,pruned_graphs/entmax/alpha_0.50/node_0.02/075_prune_graph.pt,"[0.0, 0.0, 0.0, 0.0, 0.0, 0.00340871699154377, 8.432086140430783e-09, 0.0, 0.8893638849258423, 0.0, 0.036345526576042175, 0.0, 0.07088185101747513]"
entmax,076.pt,076,dataset/analogies/076.pt,ok,77,35,548,pruned_graphs/entmax/alpha_0.50/node_0.02/076_prune_graph.pt,"[0.0, 0.0, 0.0009647391852922738, 0.005201726220548153, 0.0, 0.12254225462675095, 0.0, 0.0, 0.04038344323635101, 2.898272214224562e-05, 0.8148319721221924, 0.0, 0.01604689471423626]"
entmax,077.pt,077,dataset/analogies/077.pt,ok,78,39,675,pruned_graphs/entmax/alpha_0.50/node_0.02/077_prune_graph.pt,"[0.0, 0.0006202341755852103, 0.0005007836152799428, 2.1490754079422913e-05, 0.0, 0.21606336534023285, 0.001297098584473133, 0.01579495705664158, 0.31283101439476013, 0.0, 0.17900130152702332, 0.2689429223537445, 0.00044941355008631945, 0.004477380309253931]"
entmax,078.pt,078,dataset/analogies/078.pt,ok,79,41,751,pruned_graphs/entmax/alpha_0.50/node_0.02/078_prune_graph.pt,"[0.0, 0.0, 0.0, 0.0, 0.0, 0.025164363905787468, 0.0, 5.872262676120954e-09, 0.0, 0.0, 0.0, 0.9748266935348511, 0.0, 8.914764293876942e-06]"
entmax,079.pt,079,dataset/analogies/079.pt,ok,80,38,654,pruned_graphs/entmax/alpha_0.50/node_0.02/079_prune_graph.pt,"[0.0, 0.0, 0.0, 0.0, 0.0, 0.0009772279299795628, 0.0, 0.0, 0.001030945684760809, 0.0, 0.99722820520401, 0.0, 0.0007636819500476122]"
entmax,080.pt,080,dataset/analogies/080.pt,ok,81,36,518,pruned_graphs/entmax/alpha_0.50/node_0.02/080_prune_graph.pt,"[0.0, 0.0, 0.0, 0.0, 0.0, 0.1940622180700302, 0.0, 0.0, 0.6335828900337219, 0.0, 0.17215631902217865, 0.0, 0.0001985364651773125]"
entmax,081.pt,081,dataset/analogies/081.pt,ok,82,35,525,pruned_graphs/entmax/alpha_0.50/node_0.02/081_prune_graph.pt,"[0.0, 0.0, 0.0, 0.0, 0.0, 0.1450994461774826, 0.0, 0.0, 0.8174825310707092, 0.0, 0.03741801530122757, 0.0, 0.0]"
entmax,082.pt,082,dataset/analogies/082.pt,ok,83,36,543,pruned_graphs/entmax/alpha_0.50/node_0.02/082_prune_graph.pt,"[0.0, 0.0, 0.0, 0.0, 0.0, 0.038261231034994125, 0.0, 0.0, 0.9102842211723328, 0.0, 0.051254499703645706, 0.0, 0.0002000418899115175]"
entmax,083.pt,083,dataset/analogies/083.pt,ok,84,33,465,pruned_graphs/entmax/alpha_0.50/node_0.02/083_prune_graph.pt,"[0.0, 0.0, 0.0, 0.0, 0.0, 0.03231039270758629, 0.0, 0.0, 0.8278118371963501, 0.0, 0.1392752081155777, 0.0, 0.0006025259499438107]"
entmax,084.pt,084,dataset/analogies/084.pt,ok,85,31,404,pruned_graphs/entmax/alpha_0.50/node_0.02/084_prune_graph.pt,"[0.0, 0.0, 0.0, 0.0, 0.0, 0.18996192514896393, 0.0, 0.0, 0.7847155332565308, 0.0, 0.025322508066892624, 0.0, 0.0]"
entmax,085.pt,085,dataset/analogies/085.pt,ok,86,35,536,pruned_graphs/entmax/alpha_0.50/node_0.02/085_prune_graph.pt,"[0.0, 0.0, 0.0, 0.0, 0.0, 0.0006446112529374659, 0.0, 0.0, 0.577268660068512, 0.0, 0.4210655093193054, 0.0, 0.00102119124494493]"
entmax,086.pt,086,dataset/analogies/086.pt,ok,87,34,491,pruned_graphs/entmax/alpha_0.50/node_0.02/086_prune_graph.pt,"[0.0, 0.0, 0.0, 0.0, 0.0, 0.11898910254240036, 0.0, 0.0, 0.7756998538970947, 0.0, 0.10507933795452118, 0.0, 0.0002317742328159511]"
entmax,087.pt,087,dataset/analogies/087.pt,ok,88,36,542,pruned_graphs/entmax/alpha_0.50/node_0.02/087_prune_graph.pt,"[0.0, 0.0, 0.0, 0.0, 0.0, 0.1475984752178192, 0.0, 0.0, 0.286175400018692, 0.0, 0.5642040967941284, 0.0, 0.002022011671215296]"
entmax,088.pt,088,dataset/analogies/088.pt,ok,89,34,476,pruned_graphs/entmax/alpha_0.50/node_0.02/088_prune_graph.pt,"[0.0, 0.0, 0.0, 0.0, 0.0, 0.6318331956863403, 0.0, 0.0, 0.3635924756526947, 0.0, 0.004574368242174387, 0.0, 0.0]"
entmax,089.pt,089,dataset/analogies/089.pt,ok,90,34,504,pruned_graphs/entmax/alpha_0.50/node_0.02/089_prune_graph.pt,"[0.0, 0.0, 0.0, 0.0, 0.0, 0.0, 0.0, 0.0, 1.0, 0.0, 0.0, 0.0, 0.0]"
entmax,090.pt,090,dataset/analogies/090.pt,ok,91,34,520,pruned_graphs/entmax/alpha_0.50/node_0.02/090_prune_graph.pt,"[0.0, 0.0, 0.0, 0.0, 0.0, 0.0, 0.0, 0.0, 0.0, 0.0, 1.0, 0.0, 0.0]"
entmax,091.pt,091,dataset/analogies/091.pt,ok,92,35,548,pruned_graphs/entmax/alpha_0.50/node_0.02/091_prune_graph.pt,"[0.0, 0.0, 0.0, 0.0, 0.0, 0.0, 0.0, 0.0, 0.0, 0.0, 1.0, 0.0, 0.0]"
entmax,092.pt,092,dataset/analogies/092.pt,ok,93,37,615,pruned_graphs/entmax/alpha_0.50/node_0.02/092_prune_graph.pt,"[0.0, 0.0, 0.0, 0.0, 0.0, 0.0, 0.0, 0.0, 0.0, 0.0, 1.0, 0.0, 0.0]"
entmax,093.pt,093,dataset/analogies/093.pt,ok,94,37,565,pruned_graphs/entmax/alpha_0.50/node_0.02/093_prune_graph.pt,"[0.0, 0.0, 0.0, 0.0, 0.0, 0.9473342299461365, 0.0, 0.0, 0.0008528038742952049, 0.0, 0.05181295424699783, 0.0, 0.0]"
entmax,094.pt,094,dataset/analogies/094.pt,ok,95,36,575,pruned_graphs/entmax/alpha_0.50/node_0.02/094_prune_graph.pt,"[0.0, 0.0, 0.0, 0.0, 0.0, 0.0, 0.0, 0.0, 0.0, 0.0, 1.0, 0.0, 0.0]"
entmax,095.pt,095,dataset/analogies/095.pt,ok,96,40,709,pruned_graphs/entmax/alpha_0.50/node_0.02/095_prune_graph.pt,"[0.0, 0.0, 0.0, 0.0, 0.0, 3.849404947686708e-06, 0.0, 0.0, 0.0, 0.0, 0.9999961853027344, 0.0, 0.0]"
entmax,096.pt,096,dataset/analogies/096.pt,ok,97,40,708,pruned_graphs/entmax/alpha_0.50/node_0.02/096_prune_graph.pt,"[0.0, 0.0, 0.0, 0.0, 0.0, 0.03842783346772194, 0.0, 0.0, 0.0, 0.0, 0.0, 0.9615721702575684, 0.0, 0.0]"
entmax,097.pt,097,dataset/analogies/097.pt,ok,98,40,705,pruned_graphs/entmax/alpha_0.50/node_0.02/097_prune_graph.pt,"[0.0, 0.0, 0.0, 0.0, 0.0, 2.9489723601727746e-05, 0.0, 0.0, 0.0, 0.0, 0.0, 0.8957725167274475, 0.0, 0.10419802367687225]"
entmax,098.pt,098,dataset/analogies/098.pt,ok,99,36,580,pruned_graphs/entmax/alpha_0.50/node_0.02/098_prune_graph.pt,"[0.0, 0.0, 0.0, 0.0, 0.0, 0.0, 0.0, 0.0, 0.0, 0.0, 1.0, 0.0, 0.0]"
entmax,099.pt,099,dataset/analogies/099.pt,ok,100,39,685,pruned_graphs/entmax/alpha_0.50/node_0.02/099_prune_graph.pt,"[0.0, 0.0, 0.0, 0.0, 0.0, 0.0, 0.0, 0.0, 0.0, 0.0, 1.0, 0.0, 0.0]"
