graph_file,graph_stem,graph_path,summary_graph_path,labeled_summary_graph_path,model_name,temperature,label_scheme,status,num_supernodes,labelled_supernodes,error,traceback
000.pt,000,dataset/analogies/000.pt,summary_graphs/entmax/alpha_0.50/node_0.02_kmeans_kmatched/000_summary_graph.pt,labeled_summary/entmax/alpha_0.50/node_0.02_kmeans_kmatched/000_labeled_summary_graph.pt,gemma-4-31b-it,0.2,one_pass,skipped_existing,17,14,,
001.pt,001,dataset/analogies/001.pt,summary_graphs/entmax/alpha_0.50/node_0.02_kmeans_kmatched/001_summary_graph.pt,labeled_summary/entmax/alpha_0.50/node_0.02_kmeans_kmatched/001_labeled_summary_graph.pt,gemma-4-31b-it,0.2,one_pass,skipped_existing,15,12,,
002.pt,002,dataset/analogies/002.pt,summary_graphs/entmax/alpha_0.50/node_0.02_kmeans_kmatched/002_summary_graph.pt,labeled_summary/entmax/alpha_0.50/node_0.02_kmeans_kmatched/002_labeled_summary_graph.pt,gemma-4-31b-it,0.2,one_pass,skipped_existing,15,13,,
003.pt,003,dataset/analogies/003.pt,summary_graphs/entmax/alpha_0.50/node_0.02_kmeans_kmatched/003_summary_graph.pt,labeled_summary/entmax/alpha_0.50/node_0.02_kmeans_kmatched/003_labeled_summary_graph.pt,gemma-4-31b-it,0.2,one_pass,skipped_existing,19,15,,
004.pt,004,dataset/analogies/004.pt,summary_graphs/entmax/alpha_0.50/node_0.02_kmeans_kmatched/004_summary_graph.pt,labeled_summary/entmax/alpha_0.50/node_0.02_kmeans_kmatched/004_labeled_summary_graph.pt,gemma-4-31b-it,0.2,one_pass,skipped_existing,17,14,,
005.pt,005,dataset/analogies/005.pt,summary_graphs/entmax/alpha_0.50/node_0.02_kmeans_kmatched/005_summary_graph.pt,labeled_summary/entmax/alpha_0.50/node_0.02_kmeans_kmatched/005_labeled_summary_graph.pt,gemma-4-31b-it,0.2,one_pass,skipped_existing,19,12,,
006.pt,006,dataset/analogies/006.pt,summary_graphs/entmax/alpha_0.50/node_0.02_kmeans_kmatched/006_summary_graph.pt,labeled_summary/entmax/alpha_0.50/node_0.02_kmeans_kmatched/006_labeled_summary_graph.pt,gemma-4-31b-it,0.2,one_pass,skipped_existing,13,11,,
007.pt,007,dataset/analogies/007.pt,summary_graphs/entmax/alpha_0.50/node_0.02_kmeans_kmatched/007_summary_graph.pt,labeled_summary/entmax/alpha_0.50/node_0.02_kmeans_kmatched/007_labeled_summary_graph.pt,gemma-4-31b-it,0.2,one_pass,skipped_existing,17,14,,
008.pt,008,dataset/analogies/008.pt,summary_graphs/entmax/alpha_0.50/node_0.02_kmeans_kmatched/008_summary_graph.pt,labeled_summary/entmax/alpha_0.50/node_0.02_kmeans_kmatched/008_labeled_summary_graph.pt,gemma-4-31b-it,0.2,one_pass,skipped_existing,16,14,,
009.pt,009,dataset/analogies/009.pt,summary_graphs/entmax/alpha_0.50/node_0.02_kmeans_kmatched/009_summary_graph.pt,labeled_summary/entmax/alpha_0.50/node_0.02_kmeans_kmatched/009_labeled_summary_graph.pt,gemma-4-31b-it,0.2,one_pass,ok,19,16,,
010.pt,010,dataset/analogies/010.pt,summary_graphs/entmax/alpha_0.50/node_0.02_kmeans_kmatched/010_summary_graph.pt,labeled_summary/entmax/alpha_0.50/node_0.02_kmeans_kmatched/010_labeled_summary_graph.pt,gemma-4-31b-it,0.2,one_pass,ok,16,12,,
011.pt,011,dataset/analogies/011.pt,summary_graphs/entmax/alpha_0.50/node_0.02_kmeans_kmatched/011_summary_graph.pt,labeled_summary/entmax/alpha_0.50/node_0.02_kmeans_kmatched/011_labeled_summary_graph.pt,gemma-4-31b-it,0.2,one_pass,ok,12,8,,
012.pt,012,dataset/analogies/012.pt,summary_graphs/entmax/alpha_0.50/node_0.02_kmeans_kmatched/012_summary_graph.pt,labeled_summary/entmax/alpha_0.50/node_0.02_kmeans_kmatched/012_labeled_summary_graph.pt,gemma-4-31b-it,0.2,one_pass,ok,21,16,,
013.pt,013,dataset/analogies/013.pt,summary_graphs/entmax/alpha_0.50/node_0.02_kmeans_kmatched/013_summary_graph.pt,labeled_summary/entmax/alpha_0.50/node_0.02_kmeans_kmatched/013_labeled_summary_graph.pt,gemma-4-31b-it,0.2,one_pass,ok,12,9,,
014.pt,014,dataset/analogies/014.pt,summary_graphs/entmax/alpha_0.50/node_0.02_kmeans_kmatched/014_summary_graph.pt,labeled_summary/entmax/alpha_0.50/node_0.02_kmeans_kmatched/014_labeled_summary_graph.pt,gemma-4-31b-it,0.2,one_pass,ok,14,11,,
015.pt,015,dataset/analogies/015.pt,summary_graphs/entmax/alpha_0.50/node_0.02_kmeans_kmatched/015_summary_graph.pt,labeled_summary/entmax/alpha_0.50/node_0.02_kmeans_kmatched/015_labeled_summary_graph.pt,gemma-4-31b-it,0.2,one_pass,ok,22,11,,
016.pt,016,dataset/analogies/016.pt,summary_graphs/entmax/alpha_0.50/node_0.02_kmeans_kmatched/016_summary_graph.pt,labeled_summary/entmax/alpha_0.50/node_0.02_kmeans_kmatched/016_labeled_summary_graph.pt,gemma-4-31b-it,0.2,one_pass,ok,12,9,,
017.pt,017,dataset/analogies/017.pt,summary_graphs/entmax/alpha_0.50/node_0.02_kmeans_kmatched/017_summary_graph.pt,labeled_summary/entmax/alpha_0.50/node_0.02_kmeans_kmatched/017_labeled_summary_graph.pt,gemma-4-31b-it,0.2,one_pass,ok,15,13,,
018.pt,018,dataset/analogies/018.pt,summary_graphs/entmax/alpha_0.50/node_0.02_kmeans_kmatched/018_summary_graph.pt,labeled_summary/entmax/alpha_0.50/node_0.02_kmeans_kmatched/018_labeled_summary_graph.pt,gemma-4-31b-it,0.2,one_pass,ok,14,11,,
019.pt,019,dataset/analogies/019.pt,summary_graphs/entmax/alpha_0.50/node_0.02_kmeans_kmatched/019_summary_graph.pt,labeled_summary/entmax/alpha_0.50/node_0.02_kmeans_kmatched/019_labeled_summary_graph.pt,gemma-4-31b-it,0.2,one_pass,ok,15,12,,
020.pt,020,dataset/analogies/020.pt,summary_graphs/entmax/alpha_0.50/node_0.02_kmeans_kmatched/020_summary_graph.pt,labeled_summary/entmax/alpha_0.50/node_0.02_kmeans_kmatched/020_labeled_summary_graph.pt,gemma-4-31b-it,0.2,one_pass,ok,23,15,,
021.pt,021,dataset/analogies/021.pt,summary_graphs/entmax/alpha_0.50/node_0.02_kmeans_kmatched/021_summary_graph.pt,labeled_summary/entmax/alpha_0.50/node_0.02_kmeans_kmatched/021_labeled_summary_graph.pt,gemma-4-31b-it,0.2,one_pass,ok,15,13,,
022.pt,022,dataset/analogies/022.pt,summary_graphs/entmax/alpha_0.50/node_0.02_kmeans_kmatched/022_summary_graph.pt,labeled_summary/entmax/alpha_0.50/node_0.02_kmeans_kmatched/022_labeled_summary_graph.pt,gemma-4-31b-it,0.2,one_pass,ok,21,13,,
023.pt,023,dataset/analogies/023.pt,summary_graphs/entmax/alpha_0.50/node_0.02_kmeans_kmatched/023_summary_graph.pt,labeled_summary/entmax/alpha_0.50/node_0.02_kmeans_kmatched/023_labeled_summary_graph.pt,gemma-4-31b-it,0.2,one_pass,ok,13,10,,
024.pt,024,dataset/analogies/024.pt,summary_graphs/entmax/alpha_0.50/node_0.02_kmeans_kmatched/024_summary_graph.pt,labeled_summary/entmax/alpha_0.50/node_0.02_kmeans_kmatched/024_labeled_summary_graph.pt,gemma-4-31b-it,0.2,one_pass,ok,20,18,,
025.pt,025,dataset/analogies/025.pt,summary_graphs/entmax/alpha_0.50/node_0.02_kmeans_kmatched/025_summary_graph.pt,labeled_summary/entmax/alpha_0.50/node_0.02_kmeans_kmatched/025_labeled_summary_graph.pt,gemma-4-31b-it,0.2,one_pass,ok,24,14,,
026.pt,026,dataset/analogies/026.pt,summary_graphs/entmax/alpha_0.50/node_0.02_kmeans_kmatched/026_summary_graph.pt,labeled_summary/entmax/alpha_0.50/node_0.02_kmeans_kmatched/026_labeled_summary_graph.pt,gemma-4-31b-it,0.2,one_pass,ok,13,11,,
027.pt,027,dataset/analogies/027.pt,summary_graphs/entmax/alpha_0.50/node_0.02_kmeans_kmatched/027_summary_graph.pt,labeled_summary/entmax/alpha_0.50/node_0.02_kmeans_kmatched/027_labeled_summary_graph.pt,gemma-4-31b-it,0.2,one_pass,ok,20,15,,
028.pt,028,dataset/analogies/028.pt,summary_graphs/entmax/alpha_0.50/node_0.02_kmeans_kmatched/028_summary_graph.pt,labeled_summary/entmax/alpha_0.50/node_0.02_kmeans_kmatched/028_labeled_summary_graph.pt,gemma-4-31b-it,0.2,one_pass,ok,15,13,,
029.pt,029,dataset/analogies/029.pt,summary_graphs/entmax/alpha_0.50/node_0.02_kmeans_kmatched/029_summary_graph.pt,labeled_summary/entmax/alpha_0.50/node_0.02_kmeans_kmatched/029_labeled_summary_graph.pt,gemma-4-31b-it,0.2,one_pass,ok,20,14,,
030.pt,030,dataset/analogies/030.pt,summary_graphs/entmax/alpha_0.50/node_0.02_kmeans_kmatched/030_summary_graph.pt,labeled_summary/entmax/alpha_0.50/node_0.02_kmeans_kmatched/030_labeled_summary_graph.pt,gemma-4-31b-it,0.2,one_pass,ok,12,10,,
031.pt,031,dataset/analogies/031.pt,summary_graphs/entmax/alpha_0.50/node_0.02_kmeans_kmatched/031_summary_graph.pt,labeled_summary/entmax/alpha_0.50/node_0.02_kmeans_kmatched/031_labeled_summary_graph.pt,gemma-4-31b-it,0.2,one_pass,ok,16,10,,
032.pt,032,dataset/analogies/032.pt,summary_graphs/entmax/alpha_0.50/node_0.02_kmeans_kmatched/032_summary_graph.pt,labeled_summary/entmax/alpha_0.50/node_0.02_kmeans_kmatched/032_labeled_summary_graph.pt,gemma-4-31b-it,0.2,one_pass,ok,10,8,,
033.pt,033,dataset/analogies/033.pt,summary_graphs/entmax/alpha_0.50/node_0.02_kmeans_kmatched/033_summary_graph.pt,labeled_summary/entmax/alpha_0.50/node_0.02_kmeans_kmatched/033_labeled_summary_graph.pt,gemma-4-31b-it,0.2,one_pass,ok,13,9,,
034.pt,034,dataset/analogies/034.pt,summary_graphs/entmax/alpha_0.50/node_0.02_kmeans_kmatched/034_summary_graph.pt,labeled_summary/entmax/alpha_0.50/node_0.02_kmeans_kmatched/034_labeled_summary_graph.pt,gemma-4-31b-it,0.2,one_pass,ok,13,10,,
035.pt,035,dataset/analogies/035.pt,summary_graphs/entmax/alpha_0.50/node_0.02_kmeans_kmatched/035_summary_graph.pt,labeled_summary/entmax/alpha_0.50/node_0.02_kmeans_kmatched/035_labeled_summary_graph.pt,gemma-4-31b-it,0.2,one_pass,ok,10,8,,
036.pt,036,dataset/analogies/036.pt,summary_graphs/entmax/alpha_0.50/node_0.02_kmeans_kmatched/036_summary_graph.pt,labeled_summary/entmax/alpha_0.50/node_0.02_kmeans_kmatched/036_labeled_summary_graph.pt,gemma-4-31b-it,0.2,one_pass,ok,14,12,,
037.pt,037,dataset/analogies/037.pt,summary_graphs/entmax/alpha_0.50/node_0.02_kmeans_kmatched/037_summary_graph.pt,labeled_summary/entmax/alpha_0.50/node_0.02_kmeans_kmatched/037_labeled_summary_graph.pt,gemma-4-31b-it,0.2,one_pass,ok,11,9,,
038.pt,038,dataset/analogies/038.pt,summary_graphs/entmax/alpha_0.50/node_0.02_kmeans_kmatched/038_summary_graph.pt,labeled_summary/entmax/alpha_0.50/node_0.02_kmeans_kmatched/038_labeled_summary_graph.pt,gemma-4-31b-it,0.2,one_pass,ok,12,9,,
039.pt,039,dataset/analogies/039.pt,summary_graphs/entmax/alpha_0.50/node_0.02_kmeans_kmatched/039_summary_graph.pt,labeled_summary/entmax/alpha_0.50/node_0.02_kmeans_kmatched/039_labeled_summary_graph.pt,gemma-4-31b-it,0.2,one_pass,ok,13,11,,
040.pt,040,dataset/analogies/040.pt,summary_graphs/entmax/alpha_0.50/node_0.02_kmeans_kmatched/040_summary_graph.pt,labeled_summary/entmax/alpha_0.50/node_0.02_kmeans_kmatched/040_labeled_summary_graph.pt,gemma-4-31b-it,0.2,one_pass,ok,17,13,,
041.pt,041,dataset/analogies/041.pt,summary_graphs/entmax/alpha_0.50/node_0.02_kmeans_kmatched/041_summary_graph.pt,labeled_summary/entmax/alpha_0.50/node_0.02_kmeans_kmatched/041_labeled_summary_graph.pt,gemma-4-31b-it,0.2,one_pass,ok,15,12,,
042.pt,042,dataset/analogies/042.pt,summary_graphs/entmax/alpha_0.50/node_0.02_kmeans_kmatched/042_summary_graph.pt,labeled_summary/entmax/alpha_0.50/node_0.02_kmeans_kmatched/042_labeled_summary_graph.pt,gemma-4-31b-it,0.2,one_pass,ok,12,9,,
043.pt,043,dataset/analogies/043.pt,summary_graphs/entmax/alpha_0.50/node_0.02_kmeans_kmatched/043_summary_graph.pt,labeled_summary/entmax/alpha_0.50/node_0.02_kmeans_kmatched/043_labeled_summary_graph.pt,gemma-4-31b-it,0.2,one_pass,ok,14,8,,
044.pt,044,dataset/analogies/044.pt,summary_graphs/entmax/alpha_0.50/node_0.02_kmeans_kmatched/044_summary_graph.pt,labeled_summary/entmax/alpha_0.50/node_0.02_kmeans_kmatched/044_labeled_summary_graph.pt,gemma-4-31b-it,0.2,one_pass,ok,12,10,,
045.pt,045,dataset/analogies/045.pt,summary_graphs/entmax/alpha_0.50/node_0.02_kmeans_kmatched/045_summary_graph.pt,labeled_summary/entmax/alpha_0.50/node_0.02_kmeans_kmatched/045_labeled_summary_graph.pt,gemma-4-31b-it,0.2,one_pass,ok,14,11,,
046.pt,046,dataset/analogies/046.pt,summary_graphs/entmax/alpha_0.50/node_0.02_kmeans_kmatched/046_summary_graph.pt,labeled_summary/entmax/alpha_0.50/node_0.02_kmeans_kmatched/046_labeled_summary_graph.pt,gemma-4-31b-it,0.2,one_pass,ok,11,8,,
047.pt,047,dataset/analogies/047.pt,summary_graphs/entmax/alpha_0.50/node_0.02_kmeans_kmatched/047_summary_graph.pt,labeled_summary/entmax/alpha_0.50/node_0.02_kmeans_kmatched/047_labeled_summary_graph.pt,gemma-4-31b-it,0.2,one_pass,ok,13,9,,
048.pt,048,dataset/analogies/048.pt,summary_graphs/entmax/alpha_0.50/node_0.02_kmeans_kmatched/048_summary_graph.pt,labeled_summary/entmax/alpha_0.50/node_0.02_kmeans_kmatched/048_labeled_summary_graph.pt,gemma-4-31b-it,0.2,one_pass,error,,,ConnectError('[Errno -3] Temporary failure in name resolution'),"Traceback (most recent call last):
  File ""/home/tu/.conda/envs/circuit/lib/python3.13/site-packages/httpx/_transports/default.py"", line 101, in map_httpcore_exceptions
    yield
  File ""/home/tu/.conda/envs/circuit/lib/python3.13/site-packages/httpx/_transports/default.py"", line 250, in handle_request
    resp = self._pool.handle_request(req)
  File ""/home/tu/.conda/envs/circuit/lib/python3.13/site-packages/httpcore/_sync/connection_pool.py"", line 256, in handle_request
    raise exc from None
  File ""/home/tu/.conda/envs/circuit/lib/python3.13/site-packages/httpcore/_sync/connection_pool.py"", line 236, in handle_request
    response = connection.handle_request(
        pool_request.request
    )
  File ""/home/tu/.conda/envs/circuit/lib/python3.13/site-packages/httpcore/_sync/connection.py"", line 101, in handle_request
    raise exc
  File ""/home/tu/.conda/envs/circuit/lib/python3.13/site-packages/httpcore/_sync/connection.py"", line 78, in handle_request
    stream = self._connect(request)
  File ""/home/tu/.conda/envs/circuit/lib/python3.13/site-packages/httpcore/_sync/connection.py"", line 124, in _connect
    stream = self._network_backend.connect_tcp(**kwargs)
  File ""/home/tu/.conda/envs/circuit/lib/python3.13/site-packages/httpcore/_backends/sync.py"", line 207, in connect_tcp
    with map_exceptions(exc_map):
         ~~~~~~~~~~~~~~^^^^^^^^^
  File ""/home/tu/.conda/envs/circuit/lib/python3.13/contextlib.py"", line 162, in __exit__
    self.gen.throw(value)
    ~~~~~~~~~~~~~~^^^^^^^
  File ""/home/tu/.conda/envs/circuit/lib/python3.13/site-packages/httpcore/_exceptions.py"", line 14, in map_exceptions
    raise to_exc(exc) from exc
httpcore.ConnectError: [Errno -3] Temporary failure in name resolution

The above exception was the direct cause of the following exception:

Traceback (most recent call last):
  File ""/home/tu/circuit_tracer_mod/eval/label_summary_graphs.py"", line 187, in main
    labelled = label_supernodes(
        sng,
    ...<2 lines>...
        scheme=LabelScheme(scheme=""one_pass""),
    )
  File ""/home/tu/circuit_tracer_mod/summarization/label.py"", line 625, in label_supernodes
    return _label_one_pass(sng, route, merged, scheme)
  File ""/home/tu/circuit_tracer_mod/summarization/label.py"", line 541, in _label_one_pass
    text = generate_text(route, settings, system_prompt, user_message)
  File ""/home/tu/circuit_tracer_mod/summarization/label.py"", line 188, in generate_text
    return _google_generate(route, settings, system_prompt, user_message)
  File ""/home/tu/circuit_tracer_mod/summarization/label.py"", line 270, in _google_generate
    resp = client.models.generate_content(
        model=route.model, config=config, contents=user_message
    )
  File ""/home/tu/.conda/envs/circuit/lib/python3.13/site-packages/google/genai/models.py"", line 5709, in generate_content
    response = self._generate_content(
        model=model, contents=contents, config=parsed_config
    )
  File ""/home/tu/.conda/envs/circuit/lib/python3.13/site-packages/google/genai/models.py"", line 4371, in _generate_content
    response = self._api_client.request(
        'post', path, request_dict, http_options
    )
  File ""/home/tu/.conda/envs/circuit/lib/python3.13/site-packages/google/genai/_api_client.py"", line 1401, in request
    response = self._request(http_request, http_options, stream=False)
  File ""/home/tu/.conda/envs/circuit/lib/python3.13/site-packages/google/genai/_api_client.py"", line 1237, in _request
    return self._retry(self._request_once, http_request, stream)  # type: ignore[no-any-return]
           ~~~~~~~~~~~^^^^^^^^^^^^^^^^^^^^^^^^^^^^^^^^^^^^^^^^^^
  File ""/home/tu/.conda/envs/circuit/lib/python3.13/site-packages/tenacity/__init__.py"", line 470, in __call__
    do = self.iter(retry_state=retry_state)
  File ""/home/tu/.conda/envs/circuit/lib/python3.13/site-packages/tenacity/__init__.py"", line 371, in iter
    result = action(retry_state)
  File ""/home/tu/.conda/envs/circuit/lib/python3.13/site-packages/tenacity/__init__.py"", line 413, in exc_check
    raise retry_exc.reraise()
          ~~~~~~~~~~~~~~~~~^^
  File ""/home/tu/.conda/envs/circuit/lib/python3.13/site-packages/tenacity/__init__.py"", line 184, in reraise
    raise self.last_attempt.result()
          ~~~~~~~~~~~~~~~~~~~~~~~~^^
  File ""/home/tu/.conda/envs/circuit/lib/python3.13/concurrent/futures/_base.py"", line 449, in result
    return self.__get_result()
           ~~~~~~~~~~~~~~~~~^^
  File ""/home/tu/.conda/envs/circuit/lib/python3.13/concurrent/futures/_base.py"", line 401, in __get_result
    raise self._exception
  File ""/home/tu/.conda/envs/circuit/lib/python3.13/site-packages/tenacity/__init__.py"", line 473, in __call__
    result = fn(*args, **kwargs)
  File ""/home/tu/.conda/envs/circuit/lib/python3.13/site-packages/google/genai/_api_client.py"", line 1207, in _request_once
    response = self._httpx_client.request(
        method=http_request.method,
    ...<3 lines>...
        timeout=http_request.timeout,
    )
  File ""/home/tu/.conda/envs/circuit/lib/python3.13/site-packages/httpx/_client.py"", line 825, in request
    return self.send(request, auth=auth, follow_redirects=follow_redirects)
           ~~~~~~~~~^^^^^^^^^^^^^^^^^^^^^^^^^^^^^^^^^^^^^^^^^^^^^^^^^^^^^^^
  File ""/home/tu/.conda/envs/circuit/lib/python3.13/site-packages/httpx/_client.py"", line 914, in send
    response = self._send_handling_auth(
        request,
    ...<2 lines>...
        history=[],
    )
  File ""/home/tu/.conda/envs/circuit/lib/python3.13/site-packages/httpx/_client.py"", line 942, in _send_handling_auth
    response = self._send_handling_redirects(
        request,
        follow_redirects=follow_redirects,
        history=history,
    )
  File ""/home/tu/.conda/envs/circuit/lib/python3.13/site-packages/httpx/_client.py"", line 979, in _send_handling_redirects
    response = self._send_single_request(request)
  File ""/home/tu/.conda/envs/circuit/lib/python3.13/site-packages/httpx/_client.py"", line 1014, in _send_single_request
    response = transport.handle_request(request)
  File ""/home/tu/.conda/envs/circuit/lib/python3.13/site-packages/httpx/_transports/default.py"", line 249, in handle_request
    with map_httpcore_exceptions():
         ~~~~~~~~~~~~~~~~~~~~~~~^^
  File ""/home/tu/.conda/envs/circuit/lib/python3.13/contextlib.py"", line 162, in __exit__
    self.gen.throw(value)
    ~~~~~~~~~~~~~~^^^^^^^
  File ""/home/tu/.conda/envs/circuit/lib/python3.13/site-packages/httpx/_transports/default.py"", line 118, in map_httpcore_exceptions
    raise mapped_exc(message) from exc
httpx.ConnectError: [Errno -3] Temporary failure in name resolution
"
049.pt,049,dataset/analogies/049.pt,summary_graphs/entmax/alpha_0.50/node_0.02_kmeans_kmatched/049_summary_graph.pt,labeled_summary/entmax/alpha_0.50/node_0.02_kmeans_kmatched/049_labeled_summary_graph.pt,gemma-4-31b-it,0.2,one_pass,ok,11,9,,
050.pt,050,dataset/analogies/050.pt,summary_graphs/entmax/alpha_0.50/node_0.02_kmeans_kmatched/050_summary_graph.pt,labeled_summary/entmax/alpha_0.50/node_0.02_kmeans_kmatched/050_labeled_summary_graph.pt,gemma-4-31b-it,0.2,one_pass,ok,12,10,,
051.pt,051,dataset/analogies/051.pt,summary_graphs/entmax/alpha_0.50/node_0.02_kmeans_kmatched/051_summary_graph.pt,labeled_summary/entmax/alpha_0.50/node_0.02_kmeans_kmatched/051_labeled_summary_graph.pt,gemma-4-31b-it,0.2,one_pass,ok,14,10,,
052.pt,052,dataset/analogies/052.pt,summary_graphs/entmax/alpha_0.50/node_0.02_kmeans_kmatched/052_summary_graph.pt,labeled_summary/entmax/alpha_0.50/node_0.02_kmeans_kmatched/052_labeled_summary_graph.pt,gemma-4-31b-it,0.2,one_pass,ok,16,14,,
053.pt,053,dataset/analogies/053.pt,summary_graphs/entmax/alpha_0.50/node_0.02_kmeans_kmatched/053_summary_graph.pt,labeled_summary/entmax/alpha_0.50/node_0.02_kmeans_kmatched/053_labeled_summary_graph.pt,gemma-4-31b-it,0.2,one_pass,ok,12,9,,
054.pt,054,dataset/analogies/054.pt,summary_graphs/entmax/alpha_0.50/node_0.02_kmeans_kmatched/054_summary_graph.pt,labeled_summary/entmax/alpha_0.50/node_0.02_kmeans_kmatched/054_labeled_summary_graph.pt,gemma-4-31b-it,0.2,one_pass,ok,17,14,,
055.pt,055,dataset/analogies/055.pt,summary_graphs/entmax/alpha_0.50/node_0.02_kmeans_kmatched/055_summary_graph.pt,labeled_summary/entmax/alpha_0.50/node_0.02_kmeans_kmatched/055_labeled_summary_graph.pt,gemma-4-31b-it,0.2,one_pass,ok,13,11,,
056.pt,056,dataset/analogies/056.pt,summary_graphs/entmax/alpha_0.50/node_0.02_kmeans_kmatched/056_summary_graph.pt,labeled_summary/entmax/alpha_0.50/node_0.02_kmeans_kmatched/056_labeled_summary_graph.pt,gemma-4-31b-it,0.2,one_pass,ok,18,14,,
057.pt,057,dataset/analogies/057.pt,summary_graphs/entmax/alpha_0.50/node_0.02_kmeans_kmatched/057_summary_graph.pt,labeled_summary/entmax/alpha_0.50/node_0.02_kmeans_kmatched/057_labeled_summary_graph.pt,gemma-4-31b-it,0.2,one_pass,ok,12,9,,
058.pt,058,dataset/analogies/058.pt,summary_graphs/entmax/alpha_0.50/node_0.02_kmeans_kmatched/058_summary_graph.pt,labeled_summary/entmax/alpha_0.50/node_0.02_kmeans_kmatched/058_labeled_summary_graph.pt,gemma-4-31b-it,0.2,one_pass,ok,18,14,,
059.pt,059,dataset/analogies/059.pt,summary_graphs/entmax/alpha_0.50/node_0.02_kmeans_kmatched/059_summary_graph.pt,labeled_summary/entmax/alpha_0.50/node_0.02_kmeans_kmatched/059_labeled_summary_graph.pt,gemma-4-31b-it,0.2,one_pass,ok,16,13,,
060.pt,060,dataset/analogies/060.pt,summary_graphs/entmax/alpha_0.50/node_0.02_kmeans_kmatched/060_summary_graph.pt,labeled_summary/entmax/alpha_0.50/node_0.02_kmeans_kmatched/060_labeled_summary_graph.pt,gemma-4-31b-it,0.2,one_pass,ok,15,13,,
061.pt,061,dataset/analogies/061.pt,summary_graphs/entmax/alpha_0.50/node_0.02_kmeans_kmatched/061_summary_graph.pt,labeled_summary/entmax/alpha_0.50/node_0.02_kmeans_kmatched/061_labeled_summary_graph.pt,gemma-4-31b-it,0.2,one_pass,ok,19,15,,
062.pt,062,dataset/analogies/062.pt,summary_graphs/entmax/alpha_0.50/node_0.02_kmeans_kmatched/062_summary_graph.pt,labeled_summary/entmax/alpha_0.50/node_0.02_kmeans_kmatched/062_labeled_summary_graph.pt,gemma-4-31b-it,0.2,one_pass,ok,19,14,,
063.pt,063,dataset/analogies/063.pt,summary_graphs/entmax/alpha_0.50/node_0.02_kmeans_kmatched/063_summary_graph.pt,labeled_summary/entmax/alpha_0.50/node_0.02_kmeans_kmatched/063_labeled_summary_graph.pt,gemma-4-31b-it,0.2,one_pass,ok,17,12,,
064.pt,064,dataset/analogies/064.pt,summary_graphs/entmax/alpha_0.50/node_0.02_kmeans_kmatched/064_summary_graph.pt,labeled_summary/entmax/alpha_0.50/node_0.02_kmeans_kmatched/064_labeled_summary_graph.pt,gemma-4-31b-it,0.2,one_pass,ok,16,14,,
065.pt,065,dataset/analogies/065.pt,summary_graphs/entmax/alpha_0.50/node_0.02_kmeans_kmatched/065_summary_graph.pt,labeled_summary/entmax/alpha_0.50/node_0.02_kmeans_kmatched/065_labeled_summary_graph.pt,gemma-4-31b-it,0.2,one_pass,ok,16,12,,
066.pt,066,dataset/analogies/066.pt,summary_graphs/entmax/alpha_0.50/node_0.02_kmeans_kmatched/066_summary_graph.pt,labeled_summary/entmax/alpha_0.50/node_0.02_kmeans_kmatched/066_labeled_summary_graph.pt,gemma-4-31b-it,0.2,one_pass,ok,15,10,,
067.pt,067,dataset/analogies/067.pt,summary_graphs/entmax/alpha_0.50/node_0.02_kmeans_kmatched/067_summary_graph.pt,labeled_summary/entmax/alpha_0.50/node_0.02_kmeans_kmatched/067_labeled_summary_graph.pt,gemma-4-31b-it,0.2,one_pass,ok,19,15,,
068.pt,068,dataset/analogies/068.pt,summary_graphs/entmax/alpha_0.50/node_0.02_kmeans_kmatched/068_summary_graph.pt,labeled_summary/entmax/alpha_0.50/node_0.02_kmeans_kmatched/068_labeled_summary_graph.pt,gemma-4-31b-it,0.2,one_pass,ok,14,9,,
069.pt,069,dataset/analogies/069.pt,summary_graphs/entmax/alpha_0.50/node_0.02_kmeans_kmatched/069_summary_graph.pt,labeled_summary/entmax/alpha_0.50/node_0.02_kmeans_kmatched/069_labeled_summary_graph.pt,gemma-4-31b-it,0.2,one_pass,ok,16,13,,
070.pt,070,dataset/analogies/070.pt,summary_graphs/entmax/alpha_0.50/node_0.02_kmeans_kmatched/070_summary_graph.pt,labeled_summary/entmax/alpha_0.50/node_0.02_kmeans_kmatched/070_labeled_summary_graph.pt,gemma-4-31b-it,0.2,one_pass,ok,14,10,,
071.pt,071,dataset/analogies/071.pt,summary_graphs/entmax/alpha_0.50/node_0.02_kmeans_kmatched/071_summary_graph.pt,labeled_summary/entmax/alpha_0.50/node_0.02_kmeans_kmatched/071_labeled_summary_graph.pt,gemma-4-31b-it,0.2,one_pass,ok,16,14,,
072.pt,072,dataset/analogies/072.pt,summary_graphs/entmax/alpha_0.50/node_0.02_kmeans_kmatched/072_summary_graph.pt,labeled_summary/entmax/alpha_0.50/node_0.02_kmeans_kmatched/072_labeled_summary_graph.pt,gemma-4-31b-it,0.2,one_pass,ok,17,13,,
073.pt,073,dataset/analogies/073.pt,summary_graphs/entmax/alpha_0.50/node_0.02_kmeans_kmatched/073_summary_graph.pt,labeled_summary/entmax/alpha_0.50/node_0.02_kmeans_kmatched/073_labeled_summary_graph.pt,gemma-4-31b-it,0.2,one_pass,ok,22,17,,
074.pt,074,dataset/analogies/074.pt,summary_graphs/entmax/alpha_0.50/node_0.02_kmeans_kmatched/074_summary_graph.pt,labeled_summary/entmax/alpha_0.50/node_0.02_kmeans_kmatched/074_labeled_summary_graph.pt,gemma-4-31b-it,0.2,one_pass,ok,16,13,,
075.pt,075,dataset/analogies/075.pt,summary_graphs/entmax/alpha_0.50/node_0.02_kmeans_kmatched/075_summary_graph.pt,labeled_summary/entmax/alpha_0.50/node_0.02_kmeans_kmatched/075_labeled_summary_graph.pt,gemma-4-31b-it,0.2,one_pass,ok,14,9,,
076.pt,076,dataset/analogies/076.pt,summary_graphs/entmax/alpha_0.50/node_0.02_kmeans_kmatched/076_summary_graph.pt,labeled_summary/entmax/alpha_0.50/node_0.02_kmeans_kmatched/076_labeled_summary_graph.pt,gemma-4-31b-it,0.2,one_pass,ok,18,12,,
077.pt,077,dataset/analogies/077.pt,summary_graphs/entmax/alpha_0.50/node_0.02_kmeans_kmatched/077_summary_graph.pt,labeled_summary/entmax/alpha_0.50/node_0.02_kmeans_kmatched/077_labeled_summary_graph.pt,gemma-4-31b-it,0.2,one_pass,ok,15,8,,
078.pt,078,dataset/analogies/078.pt,summary_graphs/entmax/alpha_0.50/node_0.02_kmeans_kmatched/078_summary_graph.pt,labeled_summary/entmax/alpha_0.50/node_0.02_kmeans_kmatched/078_labeled_summary_graph.pt,gemma-4-31b-it,0.2,one_pass,error,,,ReadTimeout('graph labeling exceeded 600s'),"Traceback (most recent call last):
  File ""/home/tu/.conda/envs/circuit/lib/python3.13/site-packages/httpx/_transports/default.py"", line 101, in map_httpcore_exceptions
    yield
  File ""/home/tu/.conda/envs/circuit/lib/python3.13/site-packages/httpx/_transports/default.py"", line 250, in handle_request
    resp = self._pool.handle_request(req)
  File ""/home/tu/.conda/envs/circuit/lib/python3.13/site-packages/httpcore/_sync/connection_pool.py"", line 256, in handle_request
    raise exc from None
  File ""/home/tu/.conda/envs/circuit/lib/python3.13/site-packages/httpcore/_sync/connection_pool.py"", line 236, in handle_request
    response = connection.handle_request(
        pool_request.request
    )
  File ""/home/tu/.conda/envs/circuit/lib/python3.13/site-packages/httpcore/_sync/connection.py"", line 103, in handle_request
    return self._connection.handle_request(request)
           ~~~~~~~~~~~~~~~~~~~~~~~~~~~~~~~^^^^^^^^^
  File ""/home/tu/.conda/envs/circuit/lib/python3.13/site-packages/httpcore/_sync/http11.py"", line 136, in handle_request
    raise exc
  File ""/home/tu/.conda/envs/circuit/lib/python3.13/site-packages/httpcore/_sync/http11.py"", line 106, in handle_request
    ) = self._receive_response_headers(**kwargs)
        ~~~~~~~~~~~~~~~~~~~~~~~~~~~~~~^^^^^^^^^^
  File ""/home/tu/.conda/envs/circuit/lib/python3.13/site-packages/httpcore/_sync/http11.py"", line 177, in _receive_response_headers
    event = self._receive_event(timeout=timeout)
  File ""/home/tu/.conda/envs/circuit/lib/python3.13/site-packages/httpcore/_sync/http11.py"", line 217, in _receive_event
    data = self._network_stream.read(
        self.READ_NUM_BYTES, timeout=timeout
    )
  File ""/home/tu/.conda/envs/circuit/lib/python3.13/site-packages/httpcore/_backends/sync.py"", line 126, in read
    with map_exceptions(exc_map):
         ~~~~~~~~~~~~~~^^^^^^^^^
  File ""/home/tu/.conda/envs/circuit/lib/python3.13/contextlib.py"", line 162, in __exit__
    self.gen.throw(value)
    ~~~~~~~~~~~~~~^^^^^^^
  File ""/home/tu/.conda/envs/circuit/lib/python3.13/site-packages/httpcore/_exceptions.py"", line 14, in map_exceptions
    raise to_exc(exc) from exc
httpcore.ReadTimeout: graph labeling exceeded 600s

The above exception was the direct cause of the following exception:

Traceback (most recent call last):
  File ""/home/tu/circuit_tracer_mod/eval/label_summary_graphs.py"", line 187, in main
    labelled = label_supernodes(
        sng,
    ...<2 lines>...
        scheme=LabelScheme(scheme=""one_pass""),
    )
  File ""/home/tu/circuit_tracer_mod/summarization/label.py"", line 625, in label_supernodes
    return _label_one_pass(sng, route, merged, scheme)
  File ""/home/tu/circuit_tracer_mod/summarization/label.py"", line 541, in _label_one_pass
    text = generate_text(route, settings, system_prompt, user_message)
  File ""/home/tu/circuit_tracer_mod/summarization/label.py"", line 188, in generate_text
    return _google_generate(route, settings, system_prompt, user_message)
  File ""/home/tu/circuit_tracer_mod/summarization/label.py"", line 270, in _google_generate
    resp = client.models.generate_content(
        model=route.model, config=config, contents=user_message
    )
  File ""/home/tu/.conda/envs/circuit/lib/python3.13/site-packages/google/genai/models.py"", line 5709, in generate_content
    response = self._generate_content(
        model=model, contents=contents, config=parsed_config
    )
  File ""/home/tu/.conda/envs/circuit/lib/python3.13/site-packages/google/genai/models.py"", line 4371, in _generate_content
    response = self._api_client.request(
        'post', path, request_dict, http_options
    )
  File ""/home/tu/.conda/envs/circuit/lib/python3.13/site-packages/google/genai/_api_client.py"", line 1401, in request
    response = self._request(http_request, http_options, stream=False)
  File ""/home/tu/.conda/envs/circuit/lib/python3.13/site-packages/google/genai/_api_client.py"", line 1237, in _request
    return self._retry(self._request_once, http_request, stream)  # type: ignore[no-any-return]
           ~~~~~~~~~~~^^^^^^^^^^^^^^^^^^^^^^^^^^^^^^^^^^^^^^^^^^
  File ""/home/tu/.conda/envs/circuit/lib/python3.13/site-packages/tenacity/__init__.py"", line 470, in __call__
    do = self.iter(retry_state=retry_state)
  File ""/home/tu/.conda/envs/circuit/lib/python3.13/site-packages/tenacity/__init__.py"", line 371, in iter
    result = action(retry_state)
  File ""/home/tu/.conda/envs/circuit/lib/python3.13/site-packages/tenacity/__init__.py"", line 413, in exc_check
    raise retry_exc.reraise()
          ~~~~~~~~~~~~~~~~~^^
  File ""/home/tu/.conda/envs/circuit/lib/python3.13/site-packages/tenacity/__init__.py"", line 184, in reraise
    raise self.last_attempt.result()
          ~~~~~~~~~~~~~~~~~~~~~~~~^^
  File ""/home/tu/.conda/envs/circuit/lib/python3.13/concurrent/futures/_base.py"", line 449, in result
    return self.__get_result()
           ~~~~~~~~~~~~~~~~~^^
  File ""/home/tu/.conda/envs/circuit/lib/python3.13/concurrent/futures/_base.py"", line 401, in __get_result
    raise self._exception
  File ""/home/tu/.conda/envs/circuit/lib/python3.13/site-packages/tenacity/__init__.py"", line 473, in __call__
    result = fn(*args, **kwargs)
  File ""/home/tu/.conda/envs/circuit/lib/python3.13/site-packages/google/genai/_api_client.py"", line 1207, in _request_once
    response = self._httpx_client.request(
        method=http_request.method,
    ...<3 lines>...
        timeout=http_request.timeout,
    )
  File ""/home/tu/.conda/envs/circuit/lib/python3.13/site-packages/httpx/_client.py"", line 825, in request
    return self.send(request, auth=auth, follow_redirects=follow_redirects)
           ~~~~~~~~~^^^^^^^^^^^^^^^^^^^^^^^^^^^^^^^^^^^^^^^^^^^^^^^^^^^^^^^
  File ""/home/tu/.conda/envs/circuit/lib/python3.13/site-packages/httpx/_client.py"", line 914, in send
    response = self._send_handling_auth(
        request,
    ...<2 lines>...
        history=[],
    )
  File ""/home/tu/.conda/envs/circuit/lib/python3.13/site-packages/httpx/_client.py"", line 942, in _send_handling_auth
    response = self._send_handling_redirects(
        request,
        follow_redirects=follow_redirects,
        history=history,
    )
  File ""/home/tu/.conda/envs/circuit/lib/python3.13/site-packages/httpx/_client.py"", line 979, in _send_handling_redirects
    response = self._send_single_request(request)
  File ""/home/tu/.conda/envs/circuit/lib/python3.13/site-packages/httpx/_client.py"", line 1014, in _send_single_request
    response = transport.handle_request(request)
  File ""/home/tu/.conda/envs/circuit/lib/python3.13/site-packages/httpx/_transports/default.py"", line 249, in handle_request
    with map_httpcore_exceptions():
         ~~~~~~~~~~~~~~~~~~~~~~~^^
  File ""/home/tu/.conda/envs/circuit/lib/python3.13/contextlib.py"", line 162, in __exit__
    self.gen.throw(value)
    ~~~~~~~~~~~~~~^^^^^^^
  File ""/home/tu/.conda/envs/circuit/lib/python3.13/site-packages/httpx/_transports/default.py"", line 118, in map_httpcore_exceptions
    raise mapped_exc(message) from exc
httpx.ReadTimeout: graph labeling exceeded 600s
"
079.pt,079,dataset/analogies/079.pt,summary_graphs/entmax/alpha_0.50/node_0.02_kmeans_kmatched/079_summary_graph.pt,labeled_summary/entmax/alpha_0.50/node_0.02_kmeans_kmatched/079_labeled_summary_graph.pt,gemma-4-31b-it,0.2,one_pass,ok,16,14,,
080.pt,080,dataset/analogies/080.pt,summary_graphs/entmax/alpha_0.50/node_0.02_kmeans_kmatched/080_summary_graph.pt,labeled_summary/entmax/alpha_0.50/node_0.02_kmeans_kmatched/080_labeled_summary_graph.pt,gemma-4-31b-it,0.2,one_pass,ok,12,8,,
081.pt,081,dataset/analogies/081.pt,summary_graphs/entmax/alpha_0.50/node_0.02_kmeans_kmatched/081_summary_graph.pt,labeled_summary/entmax/alpha_0.50/node_0.02_kmeans_kmatched/081_labeled_summary_graph.pt,gemma-4-31b-it,0.2,one_pass,ok,16,12,,
082.pt,082,dataset/analogies/082.pt,summary_graphs/entmax/alpha_0.50/node_0.02_kmeans_kmatched/082_summary_graph.pt,labeled_summary/entmax/alpha_0.50/node_0.02_kmeans_kmatched/082_labeled_summary_graph.pt,gemma-4-31b-it,0.2,one_pass,ok,15,11,,
083.pt,083,dataset/analogies/083.pt,summary_graphs/entmax/alpha_0.50/node_0.02_kmeans_kmatched/083_summary_graph.pt,labeled_summary/entmax/alpha_0.50/node_0.02_kmeans_kmatched/083_labeled_summary_graph.pt,gemma-4-31b-it,0.2,one_pass,ok,12,8,,
084.pt,084,dataset/analogies/084.pt,summary_graphs/entmax/alpha_0.50/node_0.02_kmeans_kmatched/084_summary_graph.pt,labeled_summary/entmax/alpha_0.50/node_0.02_kmeans_kmatched/084_labeled_summary_graph.pt,gemma-4-31b-it,0.2,one_pass,ok,11,7,,
085.pt,085,dataset/analogies/085.pt,summary_graphs/entmax/alpha_0.50/node_0.02_kmeans_kmatched/085_summary_graph.pt,labeled_summary/entmax/alpha_0.50/node_0.02_kmeans_kmatched/085_labeled_summary_graph.pt,gemma-4-31b-it,0.2,one_pass,ok,13,10,,
086.pt,086,dataset/analogies/086.pt,summary_graphs/entmax/alpha_0.50/node_0.02_kmeans_kmatched/086_summary_graph.pt,labeled_summary/entmax/alpha_0.50/node_0.02_kmeans_kmatched/086_labeled_summary_graph.pt,gemma-4-31b-it,0.2,one_pass,ok,15,11,,
087.pt,087,dataset/analogies/087.pt,summary_graphs/entmax/alpha_0.50/node_0.02_kmeans_kmatched/087_summary_graph.pt,labeled_summary/entmax/alpha_0.50/node_0.02_kmeans_kmatched/087_labeled_summary_graph.pt,gemma-4-31b-it,0.2,one_pass,ok,15,10,,
088.pt,088,dataset/analogies/088.pt,summary_graphs/entmax/alpha_0.50/node_0.02_kmeans_kmatched/088_summary_graph.pt,labeled_summary/entmax/alpha_0.50/node_0.02_kmeans_kmatched/088_labeled_summary_graph.pt,gemma-4-31b-it,0.2,one_pass,ok,9,5,,
089.pt,089,dataset/analogies/089.pt,summary_graphs/entmax/alpha_0.50/node_0.02_kmeans_kmatched/089_summary_graph.pt,labeled_summary/entmax/alpha_0.50/node_0.02_kmeans_kmatched/089_labeled_summary_graph.pt,gemma-4-31b-it,0.2,one_pass,ok,12,10,,
090.pt,090,dataset/analogies/090.pt,summary_graphs/entmax/alpha_0.50/node_0.02_kmeans_kmatched/090_summary_graph.pt,labeled_summary/entmax/alpha_0.50/node_0.02_kmeans_kmatched/090_labeled_summary_graph.pt,gemma-4-31b-it,0.2,one_pass,ok,12,10,,
091.pt,091,dataset/analogies/091.pt,summary_graphs/entmax/alpha_0.50/node_0.02_kmeans_kmatched/091_summary_graph.pt,labeled_summary/entmax/alpha_0.50/node_0.02_kmeans_kmatched/091_labeled_summary_graph.pt,gemma-4-31b-it,0.2,one_pass,ok,15,13,,
092.pt,092,dataset/analogies/092.pt,summary_graphs/entmax/alpha_0.50/node_0.02_kmeans_kmatched/092_summary_graph.pt,labeled_summary/entmax/alpha_0.50/node_0.02_kmeans_kmatched/092_labeled_summary_graph.pt,gemma-4-31b-it,0.2,one_pass,ok,14,12,,
093.pt,093,dataset/analogies/093.pt,summary_graphs/entmax/alpha_0.50/node_0.02_kmeans_kmatched/093_summary_graph.pt,labeled_summary/entmax/alpha_0.50/node_0.02_kmeans_kmatched/093_labeled_summary_graph.pt,gemma-4-31b-it,0.2,one_pass,ok,11,8,,
094.pt,094,dataset/analogies/094.pt,summary_graphs/entmax/alpha_0.50/node_0.02_kmeans_kmatched/094_summary_graph.pt,labeled_summary/entmax/alpha_0.50/node_0.02_kmeans_kmatched/094_labeled_summary_graph.pt,gemma-4-31b-it,0.2,one_pass,ok,12,10,,
095.pt,095,dataset/analogies/095.pt,summary_graphs/entmax/alpha_0.50/node_0.02_kmeans_kmatched/095_summary_graph.pt,labeled_summary/entmax/alpha_0.50/node_0.02_kmeans_kmatched/095_labeled_summary_graph.pt,gemma-4-31b-it,0.2,one_pass,ok,15,13,,
096.pt,096,dataset/analogies/096.pt,summary_graphs/entmax/alpha_0.50/node_0.02_kmeans_kmatched/096_summary_graph.pt,labeled_summary/entmax/alpha_0.50/node_0.02_kmeans_kmatched/096_labeled_summary_graph.pt,gemma-4-31b-it,0.2,one_pass,ok,15,12,,
097.pt,097,dataset/analogies/097.pt,summary_graphs/entmax/alpha_0.50/node_0.02_kmeans_kmatched/097_summary_graph.pt,labeled_summary/entmax/alpha_0.50/node_0.02_kmeans_kmatched/097_labeled_summary_graph.pt,gemma-4-31b-it,0.2,one_pass,ok,15,12,,
098.pt,098,dataset/analogies/098.pt,summary_graphs/entmax/alpha_0.50/node_0.02_kmeans_kmatched/098_summary_graph.pt,labeled_summary/entmax/alpha_0.50/node_0.02_kmeans_kmatched/098_labeled_summary_graph.pt,gemma-4-31b-it,0.2,one_pass,ok,15,13,,
099.pt,099,dataset/analogies/099.pt,summary_graphs/entmax/alpha_0.50/node_0.02_kmeans_kmatched/099_summary_graph.pt,labeled_summary/entmax/alpha_0.50/node_0.02_kmeans_kmatched/099_labeled_summary_graph.pt,gemma-4-31b-it,0.2,one_pass,ok,13,11,,
