relation_idx,relation_name,source_factor,donor_factor,source_idx,donor_idx,source_target_id,donor_target_id,source_target_token,donor_target_token,source_target_clerp,donor_target_clerp,n_source_features,n_donor_features,clean_top1,clean_top1_token,steered_top1,steered_top1_token,top5_ids,top5_tokens,top5_probs,clean_top1_is_source_exact,clean_top1_is_source,top1_is_donor_exact,top1_is_donor,top5_has_donor_exact,top5_has_donor,success_exact,success,p_source_clean,p_source_steered,p_donor_clean,p_donor_steered
0,capital_country,0.0,2.0,0,1,38365,204061, jordan, greece,"Output "" jordan"" (p=0.385)","Output "" greece"" (p=0.883)",16,11,38365, jordan,210854, egypt,210854|38365|91174|13825|71117, egypt| jordan| israel| egy| ira,0.35294878|0.2748768|0.14713094|0.024018466|0.021196222,1,1,0,0,0,0,0,0,0.4005832374095917,0.27487680315971375,8.150601934175938e-05,0.00022120241192169487
0,capital_country,0.0,4.0,0,1,38365,204061, jordan, greece,"Output "" jordan"" (p=0.385)","Output "" greece"" (p=0.883)",16,11,38365, jordan,210854, egypt,210854|91174|38365|71117|7185, egypt| israel| jordan| ira| middle,0.44291526|0.23707548|0.11198652|0.028314626|0.022051452,1,1,0,0,0,0,0,0,0.4005832374095917,0.11198651790618896,8.150601934175938e-05,0.0026336703449487686
0,capital_country,0.0,8.0,0,1,38365,204061, jordan, greece,"Output "" jordan"" (p=0.385)","Output "" greece"" (p=0.883)",16,11,38365, jordan,73017, mexico,204061|73017|210854|20940|12919, greece| mexico| egypt| swit| hung,0.14305213|0.14305213|0.11140911|0.11140911|0.11140911,1,1,0,0,1,1,0,0,0.4005832374095917,0.0038122099358588457,8.150601934175938e-05,0.1430521309375763
0,capital_country,0.0,2.0,0,3,38365,709, jordan, le,"Output "" jordan"" (p=0.385)","Output "" le"" (p=0.719)",16,2,38365, jordan,38365, jordan,38365|210854|91174|2345|709, jordan| egypt| israel| sy| le,0.43156338|0.23099923|0.084979862|0.040141646|0.031262346,1,1,0,0,1,1,0,0,0.4005832374095917,0.4315633773803711,0.018735527992248535,0.0312623456120491
0,capital_country,0.0,4.0,0,3,38365,709, jordan, le,"Output "" jordan"" (p=0.385)","Output "" le"" (p=0.719)",16,2,38365, jordan,38365, jordan,38365|210854|91174|2345|709, jordan| egypt| israel| sy| le,0.37856814|0.20263293|0.084469974|0.065785274|0.039900787,1,1,0,0,1,1,0,0,0.4005832374095917,0.3785681426525116,0.018735527992248535,0.03990078717470169
0,capital_country,0.0,8.0,0,3,38365,709, jordan, le,"Output "" jordan"" (p=0.385)","Output "" le"" (p=0.719)",16,2,38365, jordan,18853, Jordan,18853|38365|709|210854|20461, Jordan| jordan| le| egypt| Egypt,0.25874516|0.20151094|0.074131727|0.065421022|0.065421022,1,1,0,0,1,1,0,0,0.4005832374095917,0.2015109360218048,0.018735527992248535,0.07413172721862793
0,capital_country,0.0,2.0,0,4,38365,77341, jordan, germany,"Output "" jordan"" (p=0.385)","Output "" germany"" (p=0.961)",16,10,38365, jordan,210854, egypt,210854|38365|91174|573|2345, egypt| jordan| israel| the| sy,0.30262792|0.23568685|0.18355311|0.059590966|0.024841212,1,1,0,0,0,0,0,0,0.4005832374095917,0.23568685352802277,0.0007264552405104041,0.0006218875641934574
0,capital_country,0.0,4.0,0,4,38365,77341, jordan, germany,"Output "" jordan"" (p=0.385)","Output "" germany"" (p=0.961)",16,10,38365, jordan,573, the,573|210854|91174|5730|38365, the| egypt| israel| former| jordan,0.23329581|0.16034171|0.16034171|0.080624878|0.058986418,1,1,0,0,0,0,0,0,0.4005832374095917,0.058986417949199677,0.0007264552405104041,0.0004503668751567602
0,capital_country,0.0,8.0,0,4,38365,77341, jordan, germany,"Output "" jordan"" (p=0.385)","Output "" germany"" (p=0.961)",16,10,38365, jordan,582, re,582|5730|573|32376|71288, re| former| the| democratic| communist,0.42538956|0.37540495|0.10755532|0.039567392|0.0036803407,1,1,0,0,0,0,0,0,0.4005832374095917,8.569939382141456e-06,0.0007264552405104041,1.3990040770295309e-06
0,capital_country,0.0,2.0,0,5,38365,2100, jordan, bel,"Output "" jordan"" (p=0.385)","Output "" bel"" (p=0.789)",16,3,38365, jordan,38365, jordan,38365|210854|91174|2345|573, jordan| egypt| israel| sy| the,0.36805481|0.28664136|0.072474286|0.043957878|0.026661802,1,1,0,0,0,0,0,0,0.4005832374095917,0.3680548071861267,2.4857929020072334e-05,7.035030284896493e-05
0,capital_country,0.0,4.0,0,5,38365,2100, jordan, bel,"Output "" jordan"" (p=0.385)","Output "" bel"" (p=0.789)",16,3,38365, jordan,210854, egypt,210854|38365|91174|2345|573, egypt| jordan| israel| sy| the,0.33367801|0.22933333|0.084367014|0.057984542|0.039852157,1,1,0,0,0,0,0,0,0.4005832374095917,0.2293333262205124,2.4857929020072334e-05,0.00016286666505038738
0,capital_country,0.0,8.0,0,5,38365,2100, jordan, bel,"Output "" jordan"" (p=0.385)","Output "" bel"" (p=0.789)",16,3,38365, jordan,210854, egypt,210854|38365|91174|573|2345, egypt| jordan| israel| the| sy,0.31711346|0.11665954|0.080178834|0.075321048|0.066470593,1,1,0,0,0,0,0,0,0.4005832374095917,0.11665953695774078,2.4857929020072334e-05,0.0008907064911909401
0,capital_country,0.0,2.0,0,6,38365,12919, jordan, hung,"Output "" jordan"" (p=0.385)","Output "" hung"" (p=0.973)",16,8,38365, jordan,12919, hung,12919|210854|3393|2345|573, hung| egypt| som| sy| the,0.29141709|0.12148072|0.061084341|0.057383426|0.050640695,1,1,1,1,1,1,1,1,0.4005832374095917,0.012803974561393261,1.1030640962417237e-05,0.29141709208488464
0,capital_country,0.0,4.0,0,6,38365,12919, jordan, hung,"Output "" jordan"" (p=0.385)","Output "" hung"" (p=0.973)",16,8,38365, jordan,12919, hung,12919|132460|6889|16866|6069, hung| Hungry| rom| bos| bul,0.61716104|0.25727099|0.039453786|0.03072664|0.012808769,1,1,1,1,1,1,1,1,0.4005832374095917,2.1392824578470027e-07,1.1030640962417237e-05,0.6171610355377197
0,capital_country,0.0,8.0,0,6,38365,12919, jordan, hung,"Output "" jordan"" (p=0.385)","Output "" hung"" (p=0.973)",16,8,38365, jordan,132460, Hungry,132460|899|10620|12919|182306, Hungry| ro| RO| hung| Вес,0.61088181|0.13630615|0.082673863|0.039052363|0.034463596,1,1,0,0,1,1,0,0,0.4005832374095917,4.321466474812629e-17,1.1030640962417237e-05,0.039052363485097885
0,capital_country,0.0,2.0,0,7,38365,83354, jordan, australia,"Output "" jordan"" (p=0.385)","Output "" australia"" (p=0.918)",16,12,38365, jordan,83354, australia,83354|8625|219614|41111|2918, australia| Australia| australian| austral| aus,0.61086106|0.37050596|0.006786054|0.0041159494|0.0028288481,1,1,1,1,1,1,1,1,0.4005832374095917,0.00012429090566001832,0.00018367664597462863,0.61086106300354
0,capital_country,0.0,4.0,0,7,38365,83354, jordan, australia,"Output "" jordan"" (p=0.385)","Output "" australia"" (p=0.918)",16,12,38365, jordan,8625, Australia,8625|83354|130535|14847|219614, Australia| australia| AUSTRALIA| Australian| australian,0.96816081|0.025800612|0.0016493781|0.0016493781|0.0011335997,1,1,0,1,1,1,0,1,0.4005832374095917,1.975840463463996e-10,0.00018367664597462863,0.025800611823797226
0,capital_country,0.0,8.0,0,7,38365,83354, jordan, australia,"Output "" jordan"" (p=0.385)","Output "" australia"" (p=0.918)",16,12,38365, jordan,8625, Australia,8625|14847|32083|162536|109395, Australia| Australian|Australia| Australien| Aussie,0.97023231|0.029298477|0.00015374429|0.00015374429|7.2623669e-05,1,1,0,1,0,1,0,1,0.4005832374095917,2.2062890102307844e-18,0.00018367664597462863,3.430499054957181e-05
0,capital_country,0.0,2.0,0,8,38365,1600, jordan, den,"Output "" jordan"" (p=0.385)","Output "" den"" (p=0.445)",16,9,38365, jordan,38365, jordan,38365|210854|91174|709|573, jordan| egypt| israel| le| the,0.35136443|0.24148901|0.11407133|0.037033539|0.017493404,1,1,0,0,0,0,0,0,0.4005832374095917,0.3513644337654114,0.00013438070891425014,0.00126721803098917
0,capital_country,0.0,4.0,0,8,38365,1600, jordan, den,"Output "" jordan"" (p=0.385)","Output "" den"" (p=0.445)",16,9,38365, jordan,38365, jordan,38365|91174|210854|614|18853, jordan| israel| egypt| be| Jordan,0.15475395|0.1205225|0.093863018|0.093863018|0.082833827,1,1,0,0,0,0,0,0,0.4005832374095917,0.15475395321846008,0.00013438070891425014,0.01631094515323639
0,capital_country,0.0,8.0,0,8,38365,1600, jordan, den,"Output "" jordan"" (p=0.385)","Output "" den"" (p=0.445)",16,9,38365, jordan,614, be,614|1600|717|597|498, be| den| al| y| c,0.60989863|0.28809571|0.020869583|0.012658042|0.0086997366,1,1,0,0,1,1,0,0,0.4005832374095917,1.1542640095285606e-05,0.00013438070891425014,0.28809571266174316
0,capital_country,0.0,2.0,1,0,204061,38365, greece, jordan,"Output "" greece"" (p=0.883)","Output "" jordan"" (p=0.385)",11,16,204061, greece,204061, greece,204061|88530|46174|37142|583, greece| greek| gree| turkey| g,0.96733791|0.0044796634|0.0030788246|0.0027170533|0.0027170533,1,1,0,0,0,0,0,0,0.8682636618614197,0.9673379063606262,1.2671252989093773e-06,0.0018674014136195183
0,capital_country,0.0,4.0,1,0,204061,38365, greece, jordan,"Output "" greece"" (p=0.883)","Output "" jordan"" (p=0.385)",11,16,204061, greece,38365, jordan,38365|204061|91174|210854|583, jordan| greece| israel| egypt| g,0.52289075|0.31714928|0.020274675|0.017892338|0.015789934,1,1,1,1,1,1,1,1,0.8682636618614197,0.31714928150177,1.2671252989093773e-06,0.5228907465934753
0,capital_country,0.0,8.0,1,0,204061,38365, greece, jordan,"Output "" greece"" (p=0.883)","Output "" jordan"" (p=0.385)",11,16,204061, greece,48619,Jordan,48619|19770|38365|231278|122030,Jordan|Middle| jordan| fernández|étranger,0.93982774|0.046791267|0.0049317633|0.003389548|0.00085701194,1,1,0,1,1,1,0,1,0.8682636618614197,2.0417191548549596e-10,1.2671252989093773e-06,0.004931763280183077
0,capital_country,0.0,2.0,1,3,204061,709, greece, le,"Output "" greece"" (p=0.883)","Output "" le"" (p=0.719)",11,2,204061, greece,204061, greece,204061|25553|88530|46174|2248, greece| Greece| greek| gree| gre,0.8612088|0.10285673|0.0095671667|0.0045192093|0.002741039,1,1,0,0,0,0,0,0,0.8682636618614197,0.8612087965011597,9.966712241293862e-06,3.909882070729509e-05
0,capital_country,0.0,4.0,1,3,204061,709, greece, le,"Output "" greece"" (p=0.883)","Output "" le"" (p=0.719)",11,2,204061, greece,204061, greece,204061|25553|88530|46174|2248, greece| Greece| greek| gree| gre,0.80076963|0.15768088|0.011422365|0.0042020534|0.0027130495,1,1,0,0,0,0,0,0,0.8682636618614197,0.8007696270942688,9.966712241293862e-06,0.00016293129010591656
0,capital_country,0.0,8.0,1,3,204061,709, greece, le,"Output "" greece"" (p=0.883)","Output "" le"" (p=0.719)",11,2,204061, greece,25553, Greece,25553|204061|88530|573|597, Greece| greece| greek| the| y,0.50937498|0.39670163|0.0093295285|0.0082332799|0.0068256292,1,1,0,0,0,0,0,0,0.8682636618614197,0.3967016339302063,9.966712241293862e-06,0.0034321416169404984
0,capital_country,0.0,2.0,1,5,204061,2100, greece, bel,"Output "" greece"" (p=0.883)","Output "" bel"" (p=0.789)",11,3,204061, greece,204061, greece,204061|25553|88530|46174|12387, greece| Greece| greek| gree| ancient,0.86208069|0.10296085|0.0065820669|0.003992226|0.0024214075,1,1,0,0,0,0,0,0,0.8682636618614197,0.8620806932449341,1.1293764146103058e-05,2.6899404474534094e-05
0,capital_country,0.0,4.0,1,5,204061,2100, greece, bel,"Output "" greece"" (p=0.883)","Output "" bel"" (p=0.789)",11,3,204061, greece,204061, greece,204061|25553|88530|37142|46174, greece| Greece| greek| turkey| gree,0.82355654|0.14311266|0.0040597939|0.0038138239|0.0021730512,1,1,0,0,0,0,0,0,0.8682636618614197,0.8235565423965454,1.1293764146103058e-05,5.790985233034007e-05
0,capital_country,0.0,8.0,1,5,204061,2100, greece, bel,"Output "" greece"" (p=0.883)","Output "" bel"" (p=0.789)",11,3,204061, greece,204061, greece,204061|25553|37142|25032|573, greece| Greece| turkey| europe| the,0.68373418|0.25153178|0.010381955|0.0040656319|0.003819308,1,1,0,0,0,0,0,0,0.8682636618614197,0.6837341785430908,1.1293764146103058e-05,0.00027666971436701715
0,capital_country,0.0,2.0,1,6,204061,12919, greece, hung,"Output "" greece"" (p=0.883)","Output "" hung"" (p=0.973)",11,8,204061, greece,204061, greece,204061|12919|25553|88530|7667, greece| hung| Greece| greek| mac,0.84729564|0.042184364|0.015518761|0.0094126044|0.0094126044,1,1,0,0,1,1,0,0,0.8682636618614197,0.8472956418991089,2.0891361600661185e-06,0.042184364050626755
0,capital_country,0.0,4.0,1,6,204061,12919, greece, hung,"Output "" greece"" (p=0.883)","Output "" hung"" (p=0.973)",11,8,204061, greece,132460, Hungry,132460|12919|28126|7667|146564, Hungry| hung| hungry| mac|Hungry,0.68695116|0.22302039|0.049762577|0.023506176|0.0019295046,1,1,0,0,1,1,0,0,0.8682636618614197,0.0005528123001568019,2.0891361600661185e-06,0.22302038967609406
0,capital_country,0.0,8.0,1,6,204061,12919, greece, hung,"Output "" greece"" (p=0.883)","Output "" hung"" (p=0.973)",11,8,204061, greece,132460, Hungry,132460|5439|146564|12919|10620, Hungry| Mac|Hungry| hung| RO,0.9447822|0.022219149|0.0081739677|0.0063658925|0.003861109,1,1,0,0,1,1,0,0,0.8682636618614197,1.871621889588948e-13,2.0891361600661185e-06,0.006365892477333546
0,capital_country,0.0,2.0,1,8,204061,1600, greece, den,"Output "" greece"" (p=0.883)","Output "" den"" (p=0.445)",11,9,204061, greece,204061, greece,204061|25553|13950|88530|46174, greece| Greece| ath| greek| gree,0.9381566|0.032101952|0.0063212495|0.005578483|0.002635089,1,1,0,0,0,0,0,0,0.8682636618614197,0.9381566047668457,1.3622880942421034e-05,0.0002956487878691405
0,capital_country,0.0,4.0,1,8,204061,1600, greece, den,"Output "" greece"" (p=0.883)","Output "" den"" (p=0.445)",11,9,204061, greece,204061, greece,204061|25553|13950|37142|1600, greece| Greece| ath| turkey| den,0.72361469|0.16146027|0.024760732|0.017017785|0.017017785,1,1,0,0,1,1,0,0,0.8682636618614197,0.7236146926879883,1.3622880942421034e-05,0.01701778545975685
0,capital_country,0.0,8.0,1,8,204061,1600, greece, den,"Output "" greece"" (p=0.883)","Output "" den"" (p=0.445)",11,9,204061, greece,1600, den,1600|614|717|12144|842, den| be| al| pit| per,0.93663299|0.015139262|0.0055694231|0.004914999|0.004914999,1,1,1,1,1,1,1,1,0.8682636618614197,0.0004571661411318928,1.3622880942421034e-05,0.9366329908370972
0,capital_country,0.0,2.0,1,9,204061,15600, greece, bang,"Output "" greece"" (p=0.883)","Output "" bang"" (p=0.953)",11,1,204061, greece,204061, greece,204061|25553|88530|46174|2248, greece| Greece| greek| gree| gre,0.88580209|0.082392432|0.0067631821|0.0046482631|0.0031947014,1,1,0,0,0,0,0,0,0.8682636618614197,0.8858020901679993,1.0731365307492524e-07,5.860114171696296e-08
0,capital_country,0.0,4.0,1,9,204061,15600, greece, bang,"Output "" greece"" (p=0.883)","Output "" bang"" (p=0.953)",11,1,204061, greece,204061, greece,204061|25553|88530|46174|2248, greece| Greece| greek| gree| gre,0.89775574|0.073692277|0.0053382507|0.0036689225|0.0032378128,1,1,0,0,0,0,0,0,0.8682636618614197,0.8977557420730591,1.0731365307492524e-07,3.716652940966014e-08
0,capital_country,0.0,8.0,1,9,204061,15600, greece, bang,"Output "" greece"" (p=0.883)","Output "" bang"" (p=0.953)",11,1,204061, greece,204061, greece,204061|25553|88530|2248|46174, greece| Greece| greek| gre| gree,0.90825307|0.065793633|0.0047660745|0.0028907706|0.0022513343,1,1,0,0,0,0,0,0,0.8682636618614197,0.9082530736923218,1.0731365307492524e-07,1.4724805375010419e-08
0,capital_country,0.0,2.0,2,3,86179,709, thailand, le,"Output "" thailand"" (p=0.891)","Output "" le"" (p=0.719)",11,2,86179, thailand,86179, thailand,86179|28141|26550|955|146959, thailand| Thailand| tha|...| bangkok,0.83959025|0.060819715|0.018548964|0.0087619107|0.0060219667,1,1,0,0,0,0,0,0,0.8800681233406067,0.8395902514457703,1.8873421140597202e-05,0.00011029617598978803
0,capital_country,0.0,4.0,2,3,86179,709, thailand, le,"Output "" thailand"" (p=0.891)","Output "" le"" (p=0.719)",11,2,86179, thailand,86179, thailand,86179|28141|26550|955|2804, thailand| Thailand| tha|...| ...,0.7419979|0.12893988|0.017450118|0.011266642|0.0093403747,1,1,0,0,0,0,0,0,0.8800681233406067,0.7419978976249695,1.8873421140597202e-05,0.0004950217553414404
0,capital_country,0.0,8.0,2,3,86179,709, thailand, le,"Output "" thailand"" (p=0.891)","Output "" le"" (p=0.719)",11,2,86179, thailand,28141, Thailand,28141|86179|2804|955|597, Thailand| thailand| ...|...| y,0.4011763|0.21473421|0.05100384|0.039721835|0.027300391,1,1,0,0,0,0,0,0,0.8800681233406067,0.21473421156406403,1.8873421140597202e-05,0.011380496434867382
0,capital_country,0.0,2.0,2,4,86179,77341, thailand, germany,"Output "" thailand"" (p=0.891)","Output "" germany"" (p=0.961)",11,10,86179, thailand,86179, thailand,86179|28141|573|955|26550, thailand| Thailand| the|...| tha,0.85753351|0.031235656|0.013020958|0.011490956|0.0095263375,1,1,0,0,0,0,0,0,0.8800681233406067,0.8575335144996643,7.94600709923543e-05,9.941624739440158e-05
0,capital_country,0.0,4.0,2,4,86179,77341, thailand, germany,"Output "" thailand"" (p=0.891)","Output "" germany"" (p=0.961)",11,10,86179, thailand,86179, thailand,86179|573|79031|5730|582, thailand| the| repub| former| re,0.34420434|0.15273975|0.056189813|0.03627887|0.03201599,1,1,0,0,0,0,0,0,0.8800681233406067,0.3442043364048004,7.94600709923543e-05,0.00013084204692859203
0,capital_country,0.0,8.0,2,4,86179,77341, thailand, germany,"Output "" thailand"" (p=0.891)","Output "" germany"" (p=0.961)",11,10,86179, thailand,32376, democratic,32376|582|573|5730|79031, democratic| re| the| former| repub,0.47346711|0.32540888|0.10564479|0.056547582|0.0059600715,1,1,0,0,0,0,0,0,0.8800681233406067,8.960604645835701e-06,7.94600709923543e-05,1.9796554795448174e-07
0,capital_country,0.0,2.0,2,5,86179,2100, thailand, bel,"Output "" thailand"" (p=0.891)","Output "" bel"" (p=0.789)",11,3,86179, thailand,86179, thailand,86179|28141|26550|955|2804, thailand| Thailand| tha|...| ...,0.86706764|0.048916612|0.013165726|0.007047106|0.0048434003,1,1,0,0,0,0,0,0,0.8800681233406067,0.8670676350593567,1.8873421140597202e-05,3.93648115277756e-05
0,capital_country,0.0,4.0,2,5,86179,2100, thailand, bel,"Output "" thailand"" (p=0.891)","Output "" bel"" (p=0.789)",11,3,86179, thailand,86179, thailand,86179|28141|26550|955|146959, thailand| Thailand| tha|...| bangkok,0.79823351|0.084133193|0.011386189|0.011386189|0.0094394824,1,1,0,0,0,0,0,0,0.8800681233406067,0.7982335090637207,1.8873421140597202e-05,9.850983769865707e-05
0,capital_country,0.0,8.0,2,5,86179,2100, thailand, bel,"Output "" thailand"" (p=0.891)","Output "" bel"" (p=0.789)",11,3,86179, thailand,86179, thailand,86179|28141|146959|955|71354, thailand| Thailand| bangkok|...| asia,0.68100178|0.13409719|0.026405305|0.015045289|0.011007369,1,1,0,0,0,0,0,0,0.8800681233406067,0.6810017824172974,1.8873421140597202e-05,0.00035383127396926284
0,capital_country,0.0,2.0,2,7,86179,83354, thailand, australia,"Output "" thailand"" (p=0.891)","Output "" australia"" (p=0.918)",11,12,86179, thailand,83354, australia,83354|8625|219614|86179|24194, australia| Australia| australian| thailand| aust,0.69837964|0.29112795|0.0028541181|0.0022227895|0.0017311102,1,1,1,1,1,1,1,1,0.8800681233406067,0.002222789451479912,4.2531912185950205e-05,0.698379635810852
0,capital_country,0.0,4.0,2,7,86179,83354, thailand, australia,"Output "" thailand"" (p=0.891)","Output "" australia"" (p=0.918)",11,12,86179, thailand,8625, Australia,8625|83354|14847|130535|219614, Australia| australia| Australian| AUSTRALIA| australian,0.98648471|0.012418009|0.00042492093|0.00025772754|0.00020071844,1,1,0,1,1,1,0,1,0.8800681233406067,6.601147406470886e-10,4.2531912185950205e-05,0.012418009340763092
0,capital_country,0.0,8.0,2,7,86179,83354, thailand, australia,"Output "" thailand"" (p=0.891)","Output "" australia"" (p=0.918)",11,12,86179, thailand,8625, Australia,8625|14847|32083|130535|83354, Australia| Australian|Australia| AUSTRALIA| australia,0.97675407|0.022971055|0.00025518532|6.0013845e-06|6.0013845e-06,1,1,0,1,1,1,0,1,0.8800681233406067,1.0491825506748829e-18,4.2531912185950205e-05,6.00138446316123e-06
0,capital_country,0.0,2.0,2,8,86179,1600, thailand, den,"Output "" thailand"" (p=0.891)","Output "" den"" (p=0.445)",11,9,86179, thailand,86179, thailand,86179|28141|146959|26550|955, thailand| Thailand| bangkok| tha|...,0.86670661|0.055406697|0.020382985|0.010910226|0.0045480588,1,1,0,0,0,0,0,0,0.8800681233406067,0.8667066097259521,2.1386387743405066e-05,0.0003507086366880685
0,capital_country,0.0,4.0,2,8,86179,1600, thailand, den,"Output "" thailand"" (p=0.891)","Output "" den"" (p=0.445)",11,9,86179, thailand,86179, thailand,86179|28141|146959|2554|955, thailand| Thailand| bangkok| cam|...,0.62363148|0.25996828|0.012943058|0.010080064|0.010080064,1,1,0,0,0,0,0,0,0.8800681233406067,0.623631477355957,2.1386387743405066e-05,0.007850361987948418
0,capital_country,0.0,8.0,2,8,86179,1600, thailand, den,"Output "" thailand"" (p=0.891)","Output "" den"" (p=0.445)",11,9,86179, thailand,1600, den,1600|614|597|498|679, den| be| y| c| ne,0.6419124|0.046499979|0.041036084|0.031958934|0.028203662,1,1,1,1,1,1,1,1,0.8800681233406067,0.00010171828762395307,2.1386387743405066e-05,0.6419124007225037
0,capital_country,0.0,2.0,3,0,709,38365, le, jordan,"Output "" le"" (p=0.719)","Output "" jordan"" (p=0.385)",2,16,709, le,709, le,709|2345|702|91174|38365, le| sy| li| israel| jordan,0.7828905|0.06426356|0.034397807|0.023641244|0.012654246,1,1,0,0,1,1,0,0,0.7236522436141968,0.7828904986381531,0.0007959737558849156,0.01265424583107233
0,capital_country,0.0,4.0,3,0,709,38365, le, jordan,"Output "" le"" (p=0.719)","Output "" jordan"" (p=0.385)",2,16,709, le,709, le,709|38365|2345|71117|91174, le| jordan| sy| ira| israel,0.44296297|0.23710102|0.038705673|0.026601994|0.023476178,1,1,0,0,1,1,0,0,0.7236522436141968,0.44296297430992126,0.0007959737558849156,0.2371010184288025
0,capital_country,0.0,8.0,3,0,709,38365, le, jordan,"Output "" le"" (p=0.719)","Output "" jordan"" (p=0.385)",2,16,709, le,74931, jugu,74931|215320|92167|72514|233573, jugu| gonzález| rama| ecu| sánchez,0.26848054|0.087162867|0.076920964|0.076920964|0.05990611,1,1,0,0,0,0,0,0,0.7236522436141968,4.484081728151068e-06,0.0007959737558849156,0.01336685847491026
0,capital_country,0.0,2.0,3,1,709,204061, le, greece,"Output "" le"" (p=0.719)","Output "" greece"" (p=0.883)",2,11,709, le,709, le,709|7185|2345|702|573, le| middle| sy| li| the,0.71964878|0.052131183|0.035829201|0.035829201|0.031619161,1,1,0,0,0,0,0,0,0.7236522436141968,0.7196487784385681,2.5586536139599048e-05,6.103933264967054e-05
0,capital_country,0.0,4.0,3,1,709,204061, le, greece,"Output "" le"" (p=0.719)","Output "" greece"" (p=0.883)",2,11,709, le,7185, middle,7185|709|614|91174|573, middle| le| be| israel| the,0.62758887|0.096243881|0.051515635|0.045462389|0.022859924,1,1,0,0,0,0,0,0,0.7236522436141968,0.09624388068914413,2.5586536139599048e-05,0.001762768137268722
0,capital_country,0.0,8.0,3,1,709,204061, le, greece,"Output "" le"" (p=0.719)","Output "" greece"" (p=0.883)",2,11,709, le,12919, hung,12919|20940|204061|73017|7185, hung| swit| greece| mexico| middle,0.18258491|0.16113061|0.14219727|0.086247005|0.086247005,1,1,0,0,1,1,0,0,0.7236522436141968,2.8932645363966003e-05,2.5586536139599048e-05,0.14219726622104645
0,capital_country,0.0,2.0,3,2,709,86179, le, thailand,"Output "" le"" (p=0.719)","Output "" thailand"" (p=0.891)",2,9,709, le,2345, sy,2345|709|573|91174|7185, sy| le| the| israel| middle,0.28993547|0.19926955|0.10019902|0.078035079|0.032529857,1,1,0,0,0,0,0,0,0.7236522436141968,0.19926954805850983,1.3852788072199473e-07,2.038733146036975e-05
0,capital_country,0.0,4.0,3,2,709,86179, le, thailand,"Output "" le"" (p=0.719)","Output "" thailand"" (p=0.891)",2,9,709, le,2345, sy,2345|573|91174|955|1788, sy| the| israel|...| cha,0.21909897|0.055396896|0.052040569|0.043143142|0.038073689,1,1,0,0,0,0,0,0,0.7236522436141968,0.005838789511471987,1.3852788072199473e-07,0.00017631617083679885
0,capital_country,0.0,8.0,3,2,709,86179, le, thailand,"Output "" le"" (p=0.719)","Output "" thailand"" (p=0.891)",2,9,709, le,39352, Tail,39352|4169|45891|1604|4029, Tail| TH|Tail|cha| CH,0.52617383|0.40978459|0.029684696|0.018004676|0.0024366684,1,1,0,0,0,0,0,0,0.7236522436141968,3.520937430501192e-10,1.3852788072199473e-07,2.9189595185385997e-10
0,capital_country,0.0,2.0,3,5,709,2100, le, bel,"Output "" le"" (p=0.719)","Output "" bel"" (p=0.789)",2,3,709, le,709, le,709|2345|573|702|47430, le| sy| the| li| Lebanon,0.68324262|0.063551456|0.056083966|0.03854591|0.02649219,1,1,0,0,0,0,0,0,0.7236522436141968,0.6832426190376282,0.00027508119819685817,0.0005165155162103474
0,capital_country,0.0,4.0,3,5,709,2100, le, bel,"Output "" le"" (p=0.719)","Output "" bel"" (p=0.789)",2,3,709, le,709, le,709|573|2345|614|47430, le| the| sy| be| Lebanon,0.57688916|0.078073457|0.068899587|0.047353946|0.041789711,1,1,0,0,0,0,0,0,0.7236522436141968,0.576889157295227,0.00027508119819685817,0.001429965253919363
0,capital_country,0.0,8.0,3,5,709,2100, le, bel,"Output "" le"" (p=0.719)","Output "" bel"" (p=0.789)",2,3,709, le,709, le,709|573|47430|614|2345, le| the| Lebanon| be| sy,0.28726256|0.19743249|0.105678|0.077315673|0.064096943,1,1,0,0,0,0,0,0,0.7236522436141968,0.28726255893707275,0.00027508119819685817,0.005961943883448839
0,capital_country,0.0,2.0,3,8,709,1600, le, den,"Output "" le"" (p=0.719)","Output "" den"" (p=0.445)",2,9,709, le,709, le,709|614|702|2345|573, le| be| li| sy| the,0.55860788|0.2328624|0.066716194|0.031514499|0.021659577,1,1,0,0,0,0,0,0,0.7236522436141968,0.5586078763008118,2.613828883113456e-06,2.8737504180753604e-05
0,capital_country,0.0,4.0,3,8,709,1600, le, den,"Output "" le"" (p=0.719)","Output "" den"" (p=0.445)",2,9,709, le,614, be,614|709|702|7185|573, be| le| li| middle| the,0.82611144|0.076840326|0.046606019|0.0091772694|0.0055662948,1,1,0,0,0,0,0,0,0.7236522436141968,0.07684032618999481,2.613828883113456e-06,0.00011552477371878922
0,capital_country,0.0,8.0,3,8,709,1600, le, den,"Output "" le"" (p=0.719)","Output "" den"" (p=0.445)",2,9,709, le,614, be,614|1600|702|597|717, be| den| li| y| al,0.70879006|0.12316924|0.031142063|0.027482774|0.021403607,1,1,0,0,1,1,0,0,0.7236522436141968,0.003719388972967863,2.613828883113456e-06,0.12316923588514328
0,capital_country,0.0,2.0,3,9,709,15600, le, bang,"Output "" le"" (p=0.719)","Output "" bang"" (p=0.953)",2,1,709, le,709, le,709|2345|702|573|47430, le| sy| li| the| Lebanon,0.74155617|0.05371815|0.05371815|0.036919907|0.01743973,1,1,0,0,0,0,0,0,0.7236522436141968,0.7415561676025391,2.7236725145485252e-05,2.0419825887074694e-05
0,capital_country,0.0,4.0,3,9,709,15600, le, bang,"Output "" le"" (p=0.719)","Output "" bang"" (p=0.953)",2,1,709, le,709, le,709|2345|702|573|47430, le| sy| li| the| Lebanon,0.7545712|0.048238121|0.048238121|0.033153545|0.02010864,1,1,0,0,0,0,0,0,0.7236522436141968,0.7545711994171143,2.7236725145485252e-05,1.5201664609776344e-05
0,capital_country,0.0,8.0,3,9,709,15600, le, bang,"Output "" le"" (p=0.719)","Output "" bang"" (p=0.953)",2,1,709, le,709, le,709|702|2345|573|47430, le| li| sy| the| Lebanon,0.78395265|0.044227585|0.039030705|0.026825385|0.015284644,1,1,0,0,0,0,0,0,0.7236522436141968,0.7839526534080505,2.7236725145485252e-05,7.697179171373136e-06
0,capital_country,0.0,2.0,4,2,77341,86179, germany, thailand,"Output "" germany"" (p=0.961)","Output "" thailand"" (p=0.891)",10,9,77341, germany,77341, germany,77341|573|1181|46368|118517, germany| the| pr| german| deutschland,0.94959635|0.0077178599|0.004397504|0.0041310722|0.0034247793,1,1,0,0,0,0,0,0,0.9550687670707703,0.9495963454246521,1.4836996342637576e-06,2.9630147764692083e-05
0,capital_country,0.0,4.0,4,2,77341,86179, germany, thailand,"Output "" germany"" (p=0.961)","Output "" thailand"" (p=0.891)",10,9,77341, germany,77341, germany,77341|6286|5397|573|518, germany| bur| PR| the| b,0.50542265|0.10594234|0.036612693|0.032310586|0.026786419,1,1,0,0,0,0,0,0,0.9550687670707703,0.5054226517677307,1.4836996342637576e-06,0.0001320459705311805
0,capital_country,0.0,8.0,4,2,77341,86179, germany, thailand,"Output "" germany"" (p=0.961)","Output "" thailand"" (p=0.891)",10,9,77341, germany,1604,cha,1604|4169|6286|39352|5397,cha| TH| bur| Tail| PR,0.51483059|0.18939561|0.089464128|0.054262739|0.022620076,1,1,0,0,0,0,0,0,0.9550687670707703,1.2387379229039652e-06,1.4836996342637576e-06,1.1184384668405656e-10
0,capital_country,0.0,2.0,4,9,77341,15600, germany, bang,"Output "" germany"" (p=0.961)","Output "" bang"" (p=0.953)",10,1,77341, germany,77341, germany,77341|9066|573|46368|9110, germany| Germany| the| german| east,0.96395963|0.0073599219|0.004751923|0.0037008016|0.0027075643,1,1,0,0,0,0,0,0,0.9550687670707703,0.9639596343040466,1.2040652109135408e-05,7.846398148103617e-06
0,capital_country,0.0,4.0,4,9,77341,15600, germany, bang,"Output "" germany"" (p=0.961)","Output "" bang"" (p=0.953)",10,1,77341, germany,77341, germany,77341|9066|573|46368|9110, germany| Germany| the| german| east,0.96507084|0.0073684063|0.0041983915|0.003480589|0.0025464534,1,1,0,0,0,0,0,0,0.9550687670707703,0.9650708436965942,1.2040652109135408e-05,6.117826160334516e-06
0,capital_country,0.0,8.0,4,9,77341,15600, germany, bang,"Output "" germany"" (p=0.961)","Output "" bang"" (p=0.953)",10,1,77341, germany,77341, germany,77341|9066|118517|573|46368, germany| Germany| deutschland| the| german,0.97156119|0.0054270965|0.0030922664|0.0029049155|0.0022623502,1,1,0,0,0,0,0,0,0.9550687670707703,0.9715611934661865,1.2040652109135408e-05,3.001642198796617e-06
0,capital_country,0.0,2.0,5,3,2100,709, bel, le,"Output "" bel"" (p=0.789)","Output "" le"" (p=0.719)",3,2,2100, bel,2100, bel,2100|25032|30674|573|77341, bel| europe| Belgium| the| germany,0.66396749|0.14815117|0.061758596|0.033056993|0.013780206,1,1,0,0,0,0,0,0,0.7961058616638184,0.663967490196228,7.65150471124798e-05,0.00039091435610316694
0,capital_country,0.0,4.0,5,3,2100,709, bel, le,"Output "" bel"" (p=0.789)","Output "" le"" (p=0.719)",3,2,2100, bel,2100, bel,2100|25032|30674|573|235417, bel| europe| Belgium| the|…,0.47143793|0.17343234|0.13506924|0.056305233|0.020713538,1,1,0,0,0,0,0,0,0.7961058616638184,0.471437931060791,7.65150471124798e-05,0.0019266590243205428
0,capital_country,0.0,8.0,5,3,2100,709, bel, le,"Output "" bel"" (p=0.789)","Output "" le"" (p=0.719)",3,2,2100, bel,30674, Belgium,30674|25032|573|2100|955, Belgium| europe| the| bel|...,0.28104329|0.11715627|0.11715627|0.062709235|0.043099385,1,1,0,0,0,0,0,0,0.7961058616638184,0.06270923465490341,7.65150471124798e-05,0.023069437593221664
0,capital_country,0.0,2.0,5,6,2100,12919, bel, hung,"Output "" bel"" (p=0.789)","Output "" hung"" (p=0.973)",3,8,2100, bel,2100, bel,2100|12919|25032|132460|573, bel| hung| europe| Hungry| the,0.49914068|0.20807278|0.046427313|0.03615763|0.02815959,1,1,0,0,1,1,0,0,0.7961058616638184,0.4991406798362732,3.809460167758516e-06,0.20807278156280518
0,capital_country,0.0,4.0,5,6,2100,12919, bel, hung,"Output "" bel"" (p=0.789)","Output "" hung"" (p=0.973)",3,8,2100, bel,12919, hung,12919|132460|28126|16866|7667, hung| Hungry| hungry| bos| mac,0.51510775|0.45458099|0.0050499388|0.0050499388|0.0044565555,1,1,1,1,1,1,1,1,0.7961058616638184,7.20335083315149e-05,3.809460167758516e-06,0.5151077508926392
0,capital_country,0.0,8.0,5,6,2100,12919, bel, hung,"Output "" bel"" (p=0.789)","Output "" hung"" (p=0.973)",3,8,2100, bel,132460, Hungry,132460|7667|5439|12919|899, Hungry| mac| Mac| hung| ro,0.56312388|0.097856246|0.086357847|0.076210529|0.052378677,1,1,0,0,1,1,0,0,0.7961058616638184,9.527481581450559e-11,3.809460167758516e-06,0.07621052861213684
0,capital_country,0.0,2.0,5,8,2100,1600, bel, den,"Output "" bel"" (p=0.789)","Output "" den"" (p=0.445)",3,9,2100, bel,2100, bel,2100|25032|30674|77341|614, bel| europe| Belgium| germany| be,0.81124824|0.066591315|0.031455509|0.011571835|0.0090121543,1,1,0,0,0,0,0,0,0.7961058616638184,0.811248242855072,0.001356261782348156,0.009012154303491116
0,capital_country,0.0,4.0,5,8,2100,1600, bel, den,"Output "" bel"" (p=0.789)","Output "" den"" (p=0.445)",3,9,2100, bel,2100, bel,2100|1600|25032|30674|614, bel| den| europe| Belgium| be,0.69889915|0.094585709|0.050628085|0.050628085|0.021104924,1,1,0,0,1,1,0,0,0.7961058616638184,0.6988991498947144,0.001356261782348156,0.09458570927381516
0,capital_country,0.0,8.0,5,8,2100,1600, bel, den,"Output "" bel"" (p=0.789)","Output "" den"" (p=0.445)",3,9,2100, bel,1600, den,1600|2100|614|717|597, den| bel| be| al| y,0.71806145|0.097179048|0.04051026|0.019135689|0.011606382,1,1,1,1,1,1,1,1,0.7961058616638184,0.09717904776334763,0.001356261782348156,0.7180614471435547
0,capital_country,0.0,2.0,5,9,2100,15600, bel, bang,"Output "" bel"" (p=0.789)","Output "" bang"" (p=0.953)",3,1,2100, bel,2100, bel,2100|25032|30674|573|77341, bel| europe| Belgium| the| germany,0.80268824|0.084602714|0.039963491|0.018877419|0.007869279,1,1,0,0,0,0,0,0,0.7961058616638184,0.8026882410049438,1.0253022537654033e-06,7.105056738510029e-07
0,capital_country,0.0,4.0,5,9,2100,15600, bel, bang,"Output "" bel"" (p=0.789)","Output "" bang"" (p=0.953)",3,1,2100, bel,2100, bel,2100|25032|30674|573|235417, bel| europe| Belgium| the|…,0.81142563|0.085523628|0.035651553|0.016840601|0.0079549374,1,1,0,0,0,0,0,0,0.7961058616638184,0.8114256262779236,1.0253022537654033e-06,4.6373037321245647e-07
0,capital_country,0.0,8.0,5,9,2100,15600, bel, bang,"Output "" bel"" (p=0.789)","Output "" bang"" (p=0.953)",3,1,2100, bel,2100, bel,2100|25032|30674|235417|573, bel| europe| Belgium|…| the,0.83599609|0.07775975|0.025244895|0.011924843|0.011924843,1,1,0,0,0,0,0,0,0.7961058616638184,0.8359960913658142,1.0253022537654033e-06,1.7035499411122146e-07
0,capital_country,0.0,2.0,6,0,12919,38365, hung, jordan,"Output "" hung"" (p=0.973)","Output "" jordan"" (p=0.385)",8,16,12919, hung,12919, hung,12919|138059|573|6889|597, hung| austria| the| rom| y,0.93535489|0.0076021124|0.0063023716|0.00522485|0.0029770299,1,1,0,0,0,0,0,0,0.9737045764923096,0.9353548884391785,1.6252814649675429e-09,0.00021565529459621757
0,capital_country,0.0,4.0,6,0,12919,38365, hung, jordan,"Output "" hung"" (p=0.973)","Output "" jordan"" (p=0.385)",8,16,12919, hung,38365, jordan,38365|71117|2345|91174|13825, jordan| ira| sy| israel| egy,0.78222942|0.1540301|0.012643561|0.0098468158|0.0046513062,1,1,1,1,1,1,1,1,0.9737045764923096,0.0028211597818881273,1.6252814649675429e-09,0.7822294235229492
0,capital_country,0.0,8.0,6,0,12919,38365, hung, jordan,"Output "" hung"" (p=0.973)","Output "" jordan"" (p=0.385)",8,16,12919, hung,38365, jordan,38365|48619|71117|67542|51871, jordan|Jordan| ira|jordan| leb,0.99469733|0.0052196928|6.5706234e-05|7.8474905e-06|2.547707e-06,1,1,1,1,1,1,1,1,0.9737045764923096,1.3146160452645595e-16,1.6252814649675429e-09,0.9946973323822021
0,capital_country,0.0,2.0,6,3,12919,709, hung, le,"Output "" hung"" (p=0.973)","Output "" le"" (p=0.719)",8,2,12919, hung,12919, hung,12919|42680|138059|53918|573, hung| Hungary| austria| hong| the,0.96592903|0.0094696358|0.0047616316|0.0021129614|0.0018646817,1,1,0,0,0,0,0,0,0.9737045764923096,0.9659290313720703,1.1780531394833815e-06,9.483900612394791e-06
0,capital_country,0.0,4.0,6,3,12919,709, hung, le,"Output "" hung"" (p=0.973)","Output "" le"" (p=0.719)",8,2,12919, hung,12919, hung,12919|42680|138059|573|597, hung| Hungary| austria| the| y,0.92315412|0.026187867|0.011620795|0.0037727198|0.0029381972,1,1,0,0,0,0,0,0,0.9737045764923096,0.9231541156768799,1.1780531394833815e-06,9.154232975561172e-05
0,capital_country,0.0,8.0,6,3,12919,709, hung, le,"Output "" hung"" (p=0.973)","Output "" le"" (p=0.719)",8,2,12919, hung,12919, hung,12919|42680|597|573|138059, hung| Hungary| y| the| austria,0.41392609|0.1836786|0.1114067|0.031918552|0.019359581,1,1,0,0,0,0,0,0,0.9737045764923096,0.4139260947704315,1.1780531394833815e-06,0.012499485164880753
0,capital_country,0.0,2.0,6,7,12919,83354, hung, australia,"Output "" hung"" (p=0.973)","Output "" australia"" (p=0.918)",8,12,12919, hung,83354, australia,83354|8625|24194|219614|130535, australia| Australia| aust| australian| AUSTRALIA,0.61388195|0.37233821|0.006018287|0.0046870462|0.001185071,1,1,1,1,1,1,1,1,0.9737045764923096,8.064509165706113e-05,5.676177897839807e-05,0.6138819456100464
0,capital_country,0.0,4.0,6,7,12919,83354, hung, australia,"Output "" hung"" (p=0.973)","Output "" australia"" (p=0.918)",8,12,12919, hung,8625, Australia,8625|83354|219614|14847|32083, Australia| australia| australian| Australian|Australia,0.99502879|0.0040664552|0.00048566883|0.00015767357|8.4396583e-05,1,1,0,1,1,1,0,1,0.9737045764923096,2.7211032906093724e-12,5.676177897839807e-05,0.00406645517796278
0,capital_country,0.0,8.0,6,7,12919,83354, hung, australia,"Output "" hung"" (p=0.973)","Output "" australia"" (p=0.918)",8,12,12919, hung,8625, Australia,8625|14847|32083|219614|83354, Australia| Australian|Australia| australian| australia,0.995893|0.0040699872|3.5212288e-05|8.2811363e-07|3.0464599e-07,1,1,0,1,1,1,0,1,0.9737045764923096,3.3711590869207985e-22,5.676177897839807e-05,3.04645993765007e-07
0,capital_country,0.0,2.0,7,1,83354,204061, australia, greece,"Output "" australia"" (p=0.918)","Output "" greece"" (p=0.883)",13,11,83354, australia,83354, australia,83354|8625|888|573|235417, australia| Australia| new| the|…,0.95814914|0.0093933642|0.0026912438|0.0025281894|0.0017375975,1,1,0,0,0,0,0,0,0.9152761101722717,0.9581491351127625,3.6670804547611624e-05,0.0006392264040187001
0,capital_country,0.0,4.0,7,1,83354,204061, australia, greece,"Output "" australia"" (p=0.918)","Output "" greece"" (p=0.883)",13,11,83354, australia,83354, australia,83354|888|204061|4641|61235, australia| new| greece| nor| italy,0.8566668|0.054764874|0.031204086|0.0065407311|0.0039671548,1,1,0,0,1,1,0,0,0.9152761101722717,0.8566668033599854,3.6670804547611624e-05,0.031204085797071457
0,capital_country,0.0,8.0,7,1,83354,204061, australia, greece,"Output "" australia"" (p=0.918)","Output "" greece"" (p=0.883)",13,11,83354, australia,204061, greece,204061|20940|12919|83354|61235, greece| swit| hung| australia| italy,0.6309762|0.15953577|0.045707766|0.024465602|0.017899418,1,1,1,1,1,1,1,1,0.9152761101722717,0.02446560189127922,3.6670804547611624e-05,0.6309762001037598
0,capital_country,0.0,2.0,7,2,83354,86179, australia, thailand,"Output "" australia"" (p=0.918)","Output "" thailand"" (p=0.891)",13,9,83354, australia,83354, australia,83354|8625|235417|573|235265, australia| Australia|…| the|.,0.90790427|0.027416334|0.0065119495|0.0057467758|0.0037103973,1,1,0,0,0,0,0,0,0.9152761101722717,0.9079042673110962,5.679685637005605e-05,0.0009986398508772254
0,capital_country,0.0,4.0,7,2,83354,86179, australia, thailand,"Output "" australia"" (p=0.918)","Output "" thailand"" (p=0.891)",13,9,83354, australia,83354, australia,83354|6286|4169|235417|7317, australia| bur| TH|…| …,0.62145805|0.057804603|0.045018271|0.030940574|0.017629409,1,1,0,0,0,0,0,0,0.9152761101722717,0.6214580535888672,5.679685637005605e-05,0.0015404406003654003
0,capital_country,0.0,8.0,7,2,83354,86179, australia, thailand,"Output "" australia"" (p=0.918)","Output "" thailand"" (p=0.891)",13,9,83354, australia,1604,cha,1604|4169|39352|6286|4029,cha| TH| Tail| bur| CH,0.67831802|0.28276503|0.01096399|0.008538764|0.005179022,1,1,0,0,0,0,0,0,0.9152761101722717,8.20674699752999e-07,5.679685637005605e-05,1.260441334638429e-10
0,capital_country,0.0,2.0,7,5,83354,2100, australia, bel,"Output "" australia"" (p=0.918)","Output "" bel"" (p=0.789)",13,3,83354, australia,83354, australia,83354|8625|573|235417|955, australia| Australia| the|…|...,0.9122656|0.051466506|0.0044970931|0.0025623664|0.0015541539,1,1,0,0,0,0,0,0,0.9152761101722717,0.9122655987739563,4.662170340452576e-06,8.681431609147694e-06
0,capital_country,0.0,4.0,7,5,83354,2100, australia, bel,"Output "" australia"" (p=0.918)","Output "" bel"" (p=0.789)",13,3,83354, australia,83354, australia,83354|8625|573|235417|955, australia| Australia| the|…|...,0.91009253|0.05134391|0.0044863806|0.0028966253|0.0014565147,1,1,0,0,0,0,0,0,0.9152761101722717,0.9100925326347351,4.662170340452576e-06,3.217859921278432e-05
0,capital_country,0.0,8.0,7,5,83354,2100, australia, bel,"Output "" australia"" (p=0.918)","Output "" bel"" (p=0.789)",13,3,83354, australia,83354, australia,83354|8625|573|235417|955, australia| Australia| the|…|...,0.84038675|0.068983145|0.011987473|0.0064164316|0.0030309081,1,1,0,0,0,0,0,0,0.9152761101722717,0.8403867483139038,4.662170340452576e-06,0.0004101888043805957
0,capital_country,0.0,2.0,7,6,83354,12919, australia, hung,"Output "" australia"" (p=0.918)","Output "" hung"" (p=0.973)",13,8,83354, australia,83354, australia,83354|8625|12919|235265|132460, australia| Australia| hung|.| Hungry,0.81759268|0.059226219|0.021788107|0.0090826349|0.008015397,1,1,0,0,1,1,0,0,0.9152761101722717,0.8175926804542542,3.948422886423941e-07,0.021788107231259346
0,capital_country,0.0,4.0,7,6,83354,12919, australia, hung,"Output "" australia"" (p=0.918)","Output "" hung"" (p=0.973)",13,8,83354, australia,12919, hung,12919|132460|83354|28126|53918, hung| Hungry| australia| hungry| hong,0.66076058|0.31212121|0.003929026|0.0021030563|0.0018559406,1,1,1,1,1,1,1,1,0.9152761101722717,0.003929025959223509,3.948422886423941e-07,0.6607605814933777
0,capital_country,0.0,8.0,7,6,83354,12919, australia, hung,"Output "" australia"" (p=0.918)","Output "" hung"" (p=0.973)",13,8,83354, australia,132460, Hungry,132460|12919|137639|146564|63821, Hungry| hung| Harg|Hungry|getResource,0.52388084|0.31774977|0.055216629|0.023017718|0.013960951,1,1,0,0,1,1,0,0,0.9152761101722717,1.0244846748719283e-08,3.948422886423941e-07,0.3177497684955597
0,capital_country,0.0,2.0,8,1,1600,204061, den, greece,"Output "" den"" (p=0.445)","Output "" greece"" (p=0.883)",9,11,1600, den,1600, den,1600|4641|192474|182758|77341, den| nor| finland| sweden| germany,0.65511358|0.088659979|0.032616183|0.032616183|0.032616183,1,1,0,0,0,0,0,0,0.44800078868865967,0.6551135778427124,0.0018308769213035703,0.005001853685826063
0,capital_country,0.0,4.0,8,1,1600,204061, den, greece,"Output "" den"" (p=0.445)","Output "" greece"" (p=0.883)",9,11,1600, den,1600, den,1600|4641|20940|77341|182758, den| nor| swit| germany| sweden,0.44177997|0.14342496|0.12657209|0.086991623|0.076769836,1,1,0,0,0,0,0,0,0.44800078868865967,0.4417799711227417,0.0018308769213035703,0.013340598903596401
0,capital_country,0.0,8.0,8,1,1600,204061, den, greece,"Output "" den"" (p=0.445)","Output "" greece"" (p=0.883)",9,11,1600, den,20940, swit,20940|37142|68158|77341|182758, swit| turkey| korea| germany| sweden,0.55102932|0.10850411|0.095754534|0.051253714|0.039916433,1,1,0,0,0,0,0,0,0.44800078868865967,0.0012053718091920018,0.0018308769213035703,0.021365726366639137
0,capital_country,0.0,2.0,8,2,1600,86179, den, thailand,"Output "" den"" (p=0.445)","Output "" thailand"" (p=0.891)",9,9,1600, den,1600, den,1600|498|181878|573|2052, den| c| oslo| the| dan,0.39758253|0.078288637|0.036980934|0.0254166|0.022430072,1,1,0,0,0,0,0,0,0.44800078868865967,0.3975825309753418,0.0006327341543510556,0.008251561783254147
0,capital_country,0.0,4.0,8,2,1600,86179, den, thailand,"Output "" den"" (p=0.445)","Output "" thailand"" (p=0.891)",9,9,1600, den,6286, bur,6286|3089|4169|498|2554, bur| chi| TH| c| cam,0.18850793|0.078581795|0.069348201|0.042061806|0.037119411,1,1,0,0,0,0,0,0,0.44800078868865967,0.02890862710773945,0.0006327341543510556,0.0020941339898854494
0,capital_country,0.0,8.0,8,2,1600,86179, den, thailand,"Output "" den"" (p=0.445)","Output "" thailand"" (p=0.891)",9,9,1600, den,1604,cha,1604|4169|39352|14630|22260,cha| TH| Tail| Ay|था,0.44608438|0.30658904|0.087839216|0.032314245|0.022209233,1,1,0,0,0,0,0,0,0.44800078868865967,4.970491129796528e-09,0.0006327341543510556,1.232061588168909e-11
0,capital_country,0.0,2.0,8,3,1600,709, den, le,"Output "" den"" (p=0.445)","Output "" le"" (p=0.719)",9,2,1600, den,1600, den,1600|498|2052|4641|181878, den| c| dan| nor| oslo,0.47318861|0.038841687|0.030249935|0.030249935|0.026695475,1,1,0,0,0,0,0,0,0.44800078868865967,0.4731886088848114,0.0005583859165199101,0.0011018537916243076
0,capital_country,0.0,4.0,8,3,1600,709, den, le,"Output "" den"" (p=0.445)","Output "" le"" (p=0.719)",9,2,1600, den,1600, den,1600|498|32923|182758|2052, den| c| Denmark| sweden| dan,0.37818453|0.051181711|0.035176639|0.027395597|0.027395597,1,1,0,0,0,0,0,0,0.44800078868865967,0.3781845271587372,0.0005583859165199101,0.003707590978592634
0,capital_country,0.0,8.0,8,3,1600,709, den, le,"Output "" den"" (p=0.445)","Output "" le"" (p=0.719)",9,2,1600, den,32923, Denmark,32923|1600|498|573|597, Denmark| den| c| the| y,0.17729117|0.1380745|0.065221779|0.044826224|0.030808583,1,1,0,0,0,0,0,0,0.44800078868865967,0.13807450234889984,0.0005583859165199101,0.023993749171495438
0,capital_country,0.0,2.0,8,4,1600,77341, den, germany,"Output "" den"" (p=0.445)","Output "" germany"" (p=0.961)",9,10,1600, den,1600, den,1600|182758|573|77341|498, den| sweden| the| germany| c,0.4849126|0.045103896|0.039804053|0.024142377|0.024142377,1,1,0,0,1,1,0,0,0.44800078868865967,0.48491260409355164,0.01737087592482567,0.024142377078533173
0,capital_country,0.0,4.0,8,4,1600,77341, den, germany,"Output "" den"" (p=0.445)","Output "" germany"" (p=0.961)",9,10,1600, den,5730, former,5730|1600|109548|573|498, former| den| russia| the| c,0.17846504|0.15749484|0.12265711|0.10824452|0.018810077,1,1,0,0,0,0,0,0,0.44800078868865967,0.15749484300613403,0.01737087592482567,0.004755932372063398
0,capital_country,0.0,8.0,8,4,1600,77341, den, germany,"Output "" den"" (p=0.445)","Output "" germany"" (p=0.961)",9,10,1600, den,5730, former,5730|32376|95073|573|99831, former| democratic|DDR| the| ddr,0.85368741|0.070074931|0.012177196|0.007385843|0.006517983,1,1,0,0,0,0,0,0,0.44800078868865967,9.799392501008697e-06,0.01737087592482567,2.7798736823569925e-07
0,capital_country,0.0,2.0,8,6,1600,12919, den, hung,"Output "" den"" (p=0.445)","Output "" hung"" (p=0.973)",9,8,1600, den,12919, hung,12919|1600|16866|53918|8215, hung| den| bos| hong| slo,0.58527422|0.13059233|0.037415329|0.020026982|0.017673751,1,1,1,1,1,1,1,1,0.44800078868865967,0.13059233129024506,0.001258342177607119,0.5852742195129395
0,capital_country,0.0,4.0,8,6,1600,12919, den, hung,"Output "" den"" (p=0.445)","Output "" hung"" (p=0.973)",9,8,1600, den,12919, hung,12919|132460|16866|7667|28126, hung| Hungry| bos| mac| hungry,0.49759939|0.20743027|0.16154687|0.024774013|0.013260574,1,1,1,1,1,1,1,1,0.44800078868865967,0.0010884942021220922,0.001258342177607119,0.49759939312934875
0,capital_country,0.0,8.0,8,6,1600,12919, den, hung,"Output "" den"" (p=0.445)","Output "" hung"" (p=0.973)",9,8,1600, den,5439, Mac,5439|132460|182306|7667|168992, Mac| Hungry| Вес| mac|wę,0.53178883|0.17264655|0.13445728|0.063513122|0.018196814,1,1,0,0,0,0,0,0,0.44800078868865967,2.6294033617091372e-09,0.001258342177607119,0.0019179300870746374
0,capital_country,0.0,2.0,8,9,1600,15600, den, bang,"Output "" den"" (p=0.445)","Output "" bang"" (p=0.953)",9,1,1600, den,1600, den,1600|181878|4641|2052|498, den| oslo| nor| dan| c,0.49148557|0.040343594|0.040343594|0.03141962|0.03141962,1,1,0,0,0,0,0,0,0.44800078868865967,0.4914855659008026,0.00023276987485587597,0.00017550856864545494
0,capital_country,0.0,4.0,8,9,1600,15600, den, bang,"Output "" den"" (p=0.445)","Output "" bang"" (p=0.953)",9,1,1600, den,1600, den,1600|181878|4641|2052|498, den| oslo| nor| dan| c,0.51610684|0.042364631|0.037386656|0.037386656|0.032993607,1,1,0,0,0,0,0,0,0.44800078868865967,0.5161068439483643,0.00023276987485587597,0.00013483731891028583
0,capital_country,0.0,8.0,8,9,1600,15600, den, bang,"Output "" den"" (p=0.445)","Output "" bang"" (p=0.953)",9,1,1600, den,1600, den,1600|181878|2052|4641|498, den| oslo| dan| nor| c,0.58034426|0.042039998|0.042039998|0.042039998|0.028893638,1,1,0,0,0,0,0,0,0.44800078868865967,0.5803442597389221,0.00023276987485587597,7.623928104294464e-05
0,capital_country,0.0,2.0,9,0,15600,38365, bang, jordan,"Output "" bang"" (p=0.953)","Output "" jordan"" (p=0.385)",1,16,15600, bang,15600, bang,15600|38365|2345|210854|597, bang| jordan| sy| egypt| y,0.95041478|0.014431286|0.0036488008|0.0025077816|0.0023558429,1,1,0,0,1,1,0,0,0.949939489364624,0.950414776802063,2.757029051281279e-06,0.014431285671889782
0,capital_country,0.0,4.0,9,0,15600,38365, bang, jordan,"Output "" bang"" (p=0.953)","Output "" jordan"" (p=0.385)",1,16,15600, bang,38365, jordan,38365|709|71117|15600|597, jordan| le| ira| bang| y,0.88483125|0.026719589|0.020809237|0.014301965|0.013435452,1,1,1,1,1,1,1,1,0.949939489364624,0.0143019650131464,2.757029051281279e-06,0.8848312497138977
0,capital_country,0.0,8.0,9,0,15600,38365, bang, jordan,"Output "" bang"" (p=0.953)","Output "" jordan"" (p=0.385)",1,16,15600, bang,48619,Jordan,48619|38365|19770|67462|118250,Jordan| jordan|Middle| leo| leu,0.99608815|0.0031703303|0.00026023653|7.4559022e-05|5.1243616e-05,1,1,0,1,1,1,0,1,0.949939489364624,8.843534628558136e-13,2.757029051281279e-06,0.003170330310240388
0,capital_country,0.0,2.0,9,1,15600,204061, bang, greece,"Output "" bang"" (p=0.953)","Output "" greece"" (p=0.883)",1,11,15600, bang,15600, bang,15600|31664|61427|40188|123996, bang| india| bh| Bangladesh| pakistan,0.98422945|0.0031325866|0.0019000098|0.0010170019|0.00084312423,1,1,0,0,0,0,0,0,0.949939489364624,0.9842294454574585,2.147176246580784e-06,5.013399913877947e-06
0,capital_country,0.0,4.0,9,1,15600,204061, bang, greece,"Output "" bang"" (p=0.953)","Output "" greece"" (p=0.883)",1,11,15600, bang,15600, bang,15600|31664|61427|123996|64028, bang| india| bh| pakistan| bots,0.97879225|0.0065950505|0.0014715546|0.0014715546|0.0010113837,1,1,0,0,0,0,0,0,0.949939489364624,0.9787922501564026,2.147176246580784e-06,0.00013687591126654297
0,capital_country,0.0,8.0,9,1,15600,204061, bang, greece,"Output "" bang"" (p=0.953)","Output "" greece"" (p=0.883)",1,11,15600, bang,20940, swit,20940|31664|2726|204061|15600, swit| india| ind| greece| bang,0.5236212|0.15001999|0.037930995|0.033473983|0.026069563,1,1,0,0,1,1,0,0,0.949939489364624,0.026069562882184982,2.147176246580784e-06,0.03347398340702057
0,capital_country,0.0,2.0,9,2,15600,86179, bang, thailand,"Output "" bang"" (p=0.953)","Output "" thailand"" (p=0.891)",1,9,15600, bang,15600, bang,15600|210483|123996|51169|518, bang| bengal| pakistan| bd| b,0.95134896|0.0041386969|0.0034311002|0.0032232204|0.0030279353,1,1,0,0,0,0,0,0,0.949939489364624,0.9513489603996277,7.110471779014915e-05,0.0009234680328518152
0,capital_country,0.0,4.0,9,2,15600,86179, bang, thailand,"Output "" bang"" (p=0.953)","Output "" thailand"" (p=0.891)",1,9,15600, bang,15600, bang,15600|43229|6286|518|1222, bang| BD| bur| b| bu,0.51765347|0.1483102|0.079384729|0.024210976|0.01563178,1,1,0,0,0,0,0,0,0.949939489364624,0.5176534652709961,7.110471779014915e-05,0.001987357856705785
0,capital_country,0.0,8.0,9,2,15600,86179, bang, thailand,"Output "" bang"" (p=0.953)","Output "" thailand"" (p=0.891)",1,9,15600, bang,39352, Tail,39352|1604|45891|4169|14630, Tail|cha|Tail| TH| Ay,0.76873195|0.10403655|0.081023745|0.018078843|0.0051796748,1,1,0,0,0,0,0,0,0.949939489364624,9.300634928877116e-07,7.110471779014915e-05,9.222748259540836e-11
0,capital_country,0.0,2.0,9,3,15600,709, bang, le,"Output "" bang"" (p=0.953)","Output "" le"" (p=0.719)",1,2,15600, bang,15600, bang,15600|40188|210483|123996|31664, bang| Bangladesh| bengal| pakistan| india,0.96008354|0.0083063506|0.0034626019|0.0026966773|0.0026966773,1,1,0,0,0,0,0,0,0.949939489364624,0.960083544254303,7.4943809522665106e-06,3.846602703561075e-05
0,capital_country,0.0,4.0,9,3,15600,709, bang, le,"Output "" bang"" (p=0.953)","Output "" le"" (p=0.719)",1,2,15600, bang,15600, bang,15600|40188|123996|210483|83625, bang| Bangladesh| pakistan| bengal| beng,0.94190854|0.015224533|0.0038493648|0.0033970526|0.0029978885,1,1,0,0,0,0,0,0,0.949939489364624,0.9419085383415222,7.4943809522665106e-06,0.0002311723364982754
0,capital_country,0.0,8.0,9,3,15600,709, bang, le,"Output "" bang"" (p=0.953)","Output "" le"" (p=0.719)",1,2,15600, bang,15600, bang,15600|40188|597|2345|709, bang| Bangladesh| y| sy| le,0.77982891|0.08219336|0.017228665|0.013417698|0.0076451739,1,1,0,0,1,1,0,0,0.949939489364624,0.7798289060592651,7.4943809522665106e-06,0.00764517392963171
0,capital_country,0.0,2.0,9,5,15600,2100, bang, bel,"Output "" bang"" (p=0.953)","Output "" bel"" (p=0.789)",1,3,15600, bang,15600, bang,15600|40188|61427|210483|31664, bang| Bangladesh| bh| bengal| india,0.95728785|0.012050476|0.0039122165|0.0034525192|0.0026888247,1,1,0,0,0,0,0,0,0.949939489364624,0.9572878479957581,2.0371840946609154e-05,2.806040174618829e-05
0,capital_country,0.0,4.0,9,5,15600,2100, bang, bel,"Output "" bang"" (p=0.953)","Output "" bel"" (p=0.789)",1,3,15600, bang,15600, bang,15600|40188|61427|210483|31664, bang| Bangladesh| bh| bengal| india,0.93952054|0.019499127|0.0055865934|0.0046314485|0.003839606,1,1,0,0,0,0,0,0,0.949939489364624,0.939520537853241,2.0371840946609154e-05,7.032483699731529e-05
0,capital_country,0.0,8.0,9,5,15600,2100, bang, bel,"Output "" bang"" (p=0.953)","Output "" bel"" (p=0.789)",1,3,15600, bang,15600, bang,15600|40188|31664|61427|123996, bang| Bangladesh| india| bh| pakistan,0.86442327|0.055260729|0.0079610627|0.0074787266|0.0070256139,1,1,0,0,0,0,0,0,0.949939489364624,0.8644232749938965,2.0371840946609154e-05,0.00044913243618793786
0,capital_country,0.0,2.0,9,6,15600,12919, bang, hung,"Output "" bang"" (p=0.953)","Output "" hung"" (p=0.973)",1,8,15600, bang,15600, bang,15600|12919|53918|132460|16435, bang| hung| hong| Hungry| hun,0.68493736|0.2223666|0.019430177|0.016108183|0.006308055,1,1,0,0,1,1,0,0,0.949939489364624,0.6849373579025269,7.5690564699471e-05,0.222366601228714
0,capital_country,0.0,4.0,9,6,15600,12919, bang, hung,"Output "" bang"" (p=0.953)","Output "" hung"" (p=0.973)",1,8,15600, bang,132460, Hungry,132460|12919|7667|146564|53918, Hungry| hung| mac|Hungry| hong,0.56769133|0.30386329|0.041123424|0.022011781|0.013350821,1,1,0,0,1,1,0,0,0.949939489364624,0.0010959020582959056,7.5690564699471e-05,0.3038632869720459
0,capital_country,0.0,8.0,9,6,15600,12919, bang, hung,"Output "" bang"" (p=0.953)","Output "" hung"" (p=0.973)",1,8,15600, bang,5439, Mac,5439|132460|7667|8418|3776, Mac| Hungry| mac| Union| Trans,0.60784721|0.082263179|0.082263179|0.064066626|0.049895141,1,1,0,0,0,0,0,0,0.949939489364624,1.018269236291447e-11,7.5690564699471e-05,0.00012367768795229495
0,capital_country,0.0,2.0,9,8,15600,1600, bang, den,"Output "" bang"" (p=0.953)","Output "" den"" (p=0.445)",1,9,15600, bang,15600, bang,15600|40188|61427|499|123996, bang| Bangladesh| bh| d| pakistan,0.96104819|0.0083146961|0.0026993868|0.0026993868|0.0021022845,1,1,0,0,0,0,0,0,0.949939489364624,0.9610481858253479,0.00021901792206335813,0.0012750999303534627
0,capital_country,0.0,4.0,9,8,15600,1600, bang, den,"Output "" bang"" (p=0.953)","Output "" den"" (p=0.445)",1,9,15600, bang,15600, bang,15600|40188|14154|499|1600, bang| Bangladesh| Bang| d| den,0.84766579|0.042202793|0.042202793|0.013701241|0.012091302,1,1,0,0,1,1,0,0,0.949939489364624,0.8476657867431641,0.00021901792206335813,0.012091302312910557
0,capital_country,0.0,8.0,9,8,15600,1600, bang, den,"Output "" bang"" (p=0.953)","Output "" den"" (p=0.445)",1,9,15600, bang,1600, den,1600|717|499|15600|842, den| al| d| bang| per,0.43288133|0.14053598|0.085239381|0.051700301|0.040264234,1,1,1,1,1,1,1,1,0.949939489364624,0.051700301468372345,0.00021901792206335813,0.43288132548332214
