graph_file,graph_stem,graph_path,summary_graph_path,labeled_summary_graph_path,model_name,temperature,label_scheme,status,num_supernodes,labelled_supernodes
010.pt,010,dataset/analogies/010.pt,summary_graphs/analogies/mntss/clt-gemma-2-2b-426k/entmax/alpha_0.50/node_0.02/010.pt,summary_graphs/analogies/mntss/clt-gemma-2-2b-426k/entmax/alpha_0.50/node_0.02/010.pt,gemma-4-31b-it,0.2,one_pass,ok,15,11
011.pt,011,dataset/analogies/011.pt,summary_graphs/analogies/mntss/clt-gemma-2-2b-426k/entmax/alpha_0.50/node_0.02/011.pt,summary_graphs/analogies/mntss/clt-gemma-2-2b-426k/entmax/alpha_0.50/node_0.02/011.pt,gemma-4-31b-it,0.2,one_pass,ok,13,9
012.pt,012,dataset/analogies/012.pt,summary_graphs/analogies/mntss/clt-gemma-2-2b-426k/entmax/alpha_0.50/node_0.02/012.pt,summary_graphs/analogies/mntss/clt-gemma-2-2b-426k/entmax/alpha_0.50/node_0.02/012.pt,gemma-4-31b-it,0.2,one_pass,ok,20,15
013.pt,013,dataset/analogies/013.pt,summary_graphs/analogies/mntss/clt-gemma-2-2b-426k/entmax/alpha_0.50/node_0.02/013.pt,summary_graphs/analogies/mntss/clt-gemma-2-2b-426k/entmax/alpha_0.50/node_0.02/013.pt,gemma-4-31b-it,0.2,one_pass,ok,15,12
014.pt,014,dataset/analogies/014.pt,summary_graphs/analogies/mntss/clt-gemma-2-2b-426k/entmax/alpha_0.50/node_0.02/014.pt,summary_graphs/analogies/mntss/clt-gemma-2-2b-426k/entmax/alpha_0.50/node_0.02/014.pt,gemma-4-31b-it,0.2,one_pass,ok,12,9
015.pt,015,dataset/analogies/015.pt,summary_graphs/analogies/mntss/clt-gemma-2-2b-426k/entmax/alpha_0.50/node_0.02/015.pt,summary_graphs/analogies/mntss/clt-gemma-2-2b-426k/entmax/alpha_0.50/node_0.02/015.pt,gemma-4-31b-it,0.2,one_pass,ok,23,12
016.pt,016,dataset/analogies/016.pt,summary_graphs/analogies/mntss/clt-gemma-2-2b-426k/entmax/alpha_0.50/node_0.02/016.pt,summary_graphs/analogies/mntss/clt-gemma-2-2b-426k/entmax/alpha_0.50/node_0.02/016.pt,gemma-4-31b-it,0.2,one_pass,ok,13,10
017.pt,017,dataset/analogies/017.pt,summary_graphs/analogies/mntss/clt-gemma-2-2b-426k/entmax/alpha_0.50/node_0.02/017.pt,summary_graphs/analogies/mntss/clt-gemma-2-2b-426k/entmax/alpha_0.50/node_0.02/017.pt,gemma-4-31b-it,0.2,one_pass,ok,13,11
018.pt,018,dataset/analogies/018.pt,summary_graphs/analogies/mntss/clt-gemma-2-2b-426k/entmax/alpha_0.50/node_0.02/018.pt,summary_graphs/analogies/mntss/clt-gemma-2-2b-426k/entmax/alpha_0.50/node_0.02/018.pt,gemma-4-31b-it,0.2,one_pass,ok,12,9
019.pt,019,dataset/analogies/019.pt,summary_graphs/analogies/mntss/clt-gemma-2-2b-426k/entmax/alpha_0.50/node_0.02/019.pt,summary_graphs/analogies/mntss/clt-gemma-2-2b-426k/entmax/alpha_0.50/node_0.02/019.pt,gemma-4-31b-it,0.2,one_pass,ok,12,9
020.pt,020,dataset/analogies/020.pt,summary_graphs/analogies/mntss/clt-gemma-2-2b-426k/entmax/alpha_0.50/node_0.02/020.pt,summary_graphs/analogies/mntss/clt-gemma-2-2b-426k/entmax/alpha_0.50/node_0.02/020.pt,gemma-4-31b-it,0.2,one_pass,ok,20,12
021.pt,021,dataset/analogies/021.pt,summary_graphs/analogies/mntss/clt-gemma-2-2b-426k/entmax/alpha_0.50/node_0.02/021.pt,summary_graphs/analogies/mntss/clt-gemma-2-2b-426k/entmax/alpha_0.50/node_0.02/021.pt,gemma-4-31b-it,0.2,one_pass,ok,14,12
022.pt,022,dataset/analogies/022.pt,summary_graphs/analogies/mntss/clt-gemma-2-2b-426k/entmax/alpha_0.50/node_0.02/022.pt,summary_graphs/analogies/mntss/clt-gemma-2-2b-426k/entmax/alpha_0.50/node_0.02/022.pt,gemma-4-31b-it,0.2,one_pass,ok,20,12
023.pt,023,dataset/analogies/023.pt,summary_graphs/analogies/mntss/clt-gemma-2-2b-426k/entmax/alpha_0.50/node_0.02/023.pt,summary_graphs/analogies/mntss/clt-gemma-2-2b-426k/entmax/alpha_0.50/node_0.02/023.pt,gemma-4-31b-it,0.2,one_pass,ok,13,10
024.pt,024,dataset/analogies/024.pt,summary_graphs/analogies/mntss/clt-gemma-2-2b-426k/entmax/alpha_0.50/node_0.02/024.pt,summary_graphs/analogies/mntss/clt-gemma-2-2b-426k/entmax/alpha_0.50/node_0.02/024.pt,gemma-4-31b-it,0.2,one_pass,ok,16,14
025.pt,025,dataset/analogies/025.pt,summary_graphs/analogies/mntss/clt-gemma-2-2b-426k/entmax/alpha_0.50/node_0.02/025.pt,summary_graphs/analogies/mntss/clt-gemma-2-2b-426k/entmax/alpha_0.50/node_0.02/025.pt,gemma-4-31b-it,0.2,one_pass,ok,23,13
026.pt,026,dataset/analogies/026.pt,summary_graphs/analogies/mntss/clt-gemma-2-2b-426k/entmax/alpha_0.50/node_0.02/026.pt,summary_graphs/analogies/mntss/clt-gemma-2-2b-426k/entmax/alpha_0.50/node_0.02/026.pt,gemma-4-31b-it,0.2,one_pass,ok,14,12
027.pt,027,dataset/analogies/027.pt,summary_graphs/analogies/mntss/clt-gemma-2-2b-426k/entmax/alpha_0.50/node_0.02/027.pt,summary_graphs/analogies/mntss/clt-gemma-2-2b-426k/entmax/alpha_0.50/node_0.02/027.pt,gemma-4-31b-it,0.2,one_pass,ok,17,12
028.pt,028,dataset/analogies/028.pt,summary_graphs/analogies/mntss/clt-gemma-2-2b-426k/entmax/alpha_0.50/node_0.02/028.pt,summary_graphs/analogies/mntss/clt-gemma-2-2b-426k/entmax/alpha_0.50/node_0.02/028.pt,gemma-4-31b-it,0.2,one_pass,ok,13,11
029.pt,029,dataset/analogies/029.pt,summary_graphs/analogies/mntss/clt-gemma-2-2b-426k/entmax/alpha_0.50/node_0.02/029.pt,summary_graphs/analogies/mntss/clt-gemma-2-2b-426k/entmax/alpha_0.50/node_0.02/029.pt,gemma-4-31b-it,0.2,one_pass,ok,19,13
030.pt,030,dataset/analogies/030.pt,summary_graphs/analogies/mntss/clt-gemma-2-2b-426k/entmax/alpha_0.50/node_0.02/030.pt,summary_graphs/analogies/mntss/clt-gemma-2-2b-426k/entmax/alpha_0.50/node_0.02/030.pt,gemma-4-31b-it,0.2,one_pass,ok,9,7
031.pt,031,dataset/analogies/031.pt,summary_graphs/analogies/mntss/clt-gemma-2-2b-426k/entmax/alpha_0.50/node_0.02/031.pt,summary_graphs/analogies/mntss/clt-gemma-2-2b-426k/entmax/alpha_0.50/node_0.02/031.pt,gemma-4-31b-it,0.2,one_pass,ok,19,13
032.pt,032,dataset/analogies/032.pt,summary_graphs/analogies/mntss/clt-gemma-2-2b-426k/entmax/alpha_0.50/node_0.02/032.pt,summary_graphs/analogies/mntss/clt-gemma-2-2b-426k/entmax/alpha_0.50/node_0.02/032.pt,gemma-4-31b-it,0.2,one_pass,ok,13,11
033.pt,033,dataset/analogies/033.pt,summary_graphs/analogies/mntss/clt-gemma-2-2b-426k/entmax/alpha_0.50/node_0.02/033.pt,summary_graphs/analogies/mntss/clt-gemma-2-2b-426k/entmax/alpha_0.50/node_0.02/033.pt,gemma-4-31b-it,0.2,one_pass,ok,14,10
034.pt,034,dataset/analogies/034.pt,summary_graphs/analogies/mntss/clt-gemma-2-2b-426k/entmax/alpha_0.50/node_0.02/034.pt,summary_graphs/analogies/mntss/clt-gemma-2-2b-426k/entmax/alpha_0.50/node_0.02/034.pt,gemma-4-31b-it,0.2,one_pass,ok,14,11
035.pt,035,dataset/analogies/035.pt,summary_graphs/analogies/mntss/clt-gemma-2-2b-426k/entmax/alpha_0.50/node_0.02/035.pt,summary_graphs/analogies/mntss/clt-gemma-2-2b-426k/entmax/alpha_0.50/node_0.02/035.pt,gemma-4-31b-it,0.2,one_pass,ok,12,10
036.pt,036,dataset/analogies/036.pt,summary_graphs/analogies/mntss/clt-gemma-2-2b-426k/entmax/alpha_0.50/node_0.02/036.pt,summary_graphs/analogies/mntss/clt-gemma-2-2b-426k/entmax/alpha_0.50/node_0.02/036.pt,gemma-4-31b-it,0.2,one_pass,ok,12,10
037.pt,037,dataset/analogies/037.pt,summary_graphs/analogies/mntss/clt-gemma-2-2b-426k/entmax/alpha_0.50/node_0.02/037.pt,summary_graphs/analogies/mntss/clt-gemma-2-2b-426k/entmax/alpha_0.50/node_0.02/037.pt,gemma-4-31b-it,0.2,one_pass,ok,10,8
038.pt,038,dataset/analogies/038.pt,summary_graphs/analogies/mntss/clt-gemma-2-2b-426k/entmax/alpha_0.50/node_0.02/038.pt,summary_graphs/analogies/mntss/clt-gemma-2-2b-426k/entmax/alpha_0.50/node_0.02/038.pt,gemma-4-31b-it,0.2,one_pass,ok,12,9
039.pt,039,dataset/analogies/039.pt,summary_graphs/analogies/mntss/clt-gemma-2-2b-426k/entmax/alpha_0.50/node_0.02/039.pt,summary_graphs/analogies/mntss/clt-gemma-2-2b-426k/entmax/alpha_0.50/node_0.02/039.pt,gemma-4-31b-it,0.2,one_pass,ok,14,12
040.pt,040,dataset/analogies/040.pt,summary_graphs/analogies/mntss/clt-gemma-2-2b-426k/entmax/alpha_0.50/node_0.02/040.pt,summary_graphs/analogies/mntss/clt-gemma-2-2b-426k/entmax/alpha_0.50/node_0.02/040.pt,gemma-4-31b-it,0.2,one_pass,ok,15,11
041.pt,041,dataset/analogies/041.pt,summary_graphs/analogies/mntss/clt-gemma-2-2b-426k/entmax/alpha_0.50/node_0.02/041.pt,summary_graphs/analogies/mntss/clt-gemma-2-2b-426k/entmax/alpha_0.50/node_0.02/041.pt,gemma-4-31b-it,0.2,one_pass,ok,13,10
042.pt,042,dataset/analogies/042.pt,summary_graphs/analogies/mntss/clt-gemma-2-2b-426k/entmax/alpha_0.50/node_0.02/042.pt,summary_graphs/analogies/mntss/clt-gemma-2-2b-426k/entmax/alpha_0.50/node_0.02/042.pt,gemma-4-31b-it,0.2,one_pass,ok,12,9
043.pt,043,dataset/analogies/043.pt,summary_graphs/analogies/mntss/clt-gemma-2-2b-426k/entmax/alpha_0.50/node_0.02/043.pt,summary_graphs/analogies/mntss/clt-gemma-2-2b-426k/entmax/alpha_0.50/node_0.02/043.pt,gemma-4-31b-it,0.2,one_pass,ok,14,8
044.pt,044,dataset/analogies/044.pt,summary_graphs/analogies/mntss/clt-gemma-2-2b-426k/entmax/alpha_0.50/node_0.02/044.pt,summary_graphs/analogies/mntss/clt-gemma-2-2b-426k/entmax/alpha_0.50/node_0.02/044.pt,gemma-4-31b-it,0.2,one_pass,ok,13,11
045.pt,045,dataset/analogies/045.pt,summary_graphs/analogies/mntss/clt-gemma-2-2b-426k/entmax/alpha_0.50/node_0.02/045.pt,summary_graphs/analogies/mntss/clt-gemma-2-2b-426k/entmax/alpha_0.50/node_0.02/045.pt,gemma-4-31b-it,0.2,one_pass,ok,14,11
046.pt,046,dataset/analogies/046.pt,summary_graphs/analogies/mntss/clt-gemma-2-2b-426k/entmax/alpha_0.50/node_0.02/046.pt,summary_graphs/analogies/mntss/clt-gemma-2-2b-426k/entmax/alpha_0.50/node_0.02/046.pt,gemma-4-31b-it,0.2,one_pass,ok,14,11
047.pt,047,dataset/analogies/047.pt,summary_graphs/analogies/mntss/clt-gemma-2-2b-426k/entmax/alpha_0.50/node_0.02/047.pt,summary_graphs/analogies/mntss/clt-gemma-2-2b-426k/entmax/alpha_0.50/node_0.02/047.pt,gemma-4-31b-it,0.2,one_pass,ok,11,8
048.pt,048,dataset/analogies/048.pt,summary_graphs/analogies/mntss/clt-gemma-2-2b-426k/entmax/alpha_0.50/node_0.02/048.pt,summary_graphs/analogies/mntss/clt-gemma-2-2b-426k/entmax/alpha_0.50/node_0.02/048.pt,gemma-4-31b-it,0.2,one_pass,ok,14,9
049.pt,049,dataset/analogies/049.pt,summary_graphs/analogies/mntss/clt-gemma-2-2b-426k/entmax/alpha_0.50/node_0.02/049.pt,summary_graphs/analogies/mntss/clt-gemma-2-2b-426k/entmax/alpha_0.50/node_0.02/049.pt,gemma-4-31b-it,0.2,one_pass,ok,12,10
050.pt,050,dataset/analogies/050.pt,summary_graphs/analogies/mntss/clt-gemma-2-2b-426k/entmax/alpha_0.50/node_0.02/050.pt,summary_graphs/analogies/mntss/clt-gemma-2-2b-426k/entmax/alpha_0.50/node_0.02/050.pt,gemma-4-31b-it,0.2,one_pass,ok,14,12
051.pt,051,dataset/analogies/051.pt,summary_graphs/analogies/mntss/clt-gemma-2-2b-426k/entmax/alpha_0.50/node_0.02/051.pt,summary_graphs/analogies/mntss/clt-gemma-2-2b-426k/entmax/alpha_0.50/node_0.02/051.pt,gemma-4-31b-it,0.2,one_pass,ok,14,10
052.pt,052,dataset/analogies/052.pt,summary_graphs/analogies/mntss/clt-gemma-2-2b-426k/entmax/alpha_0.50/node_0.02/052.pt,summary_graphs/analogies/mntss/clt-gemma-2-2b-426k/entmax/alpha_0.50/node_0.02/052.pt,gemma-4-31b-it,0.2,one_pass,ok,16,14
053.pt,053,dataset/analogies/053.pt,summary_graphs/analogies/mntss/clt-gemma-2-2b-426k/entmax/alpha_0.50/node_0.02/053.pt,summary_graphs/analogies/mntss/clt-gemma-2-2b-426k/entmax/alpha_0.50/node_0.02/053.pt,gemma-4-31b-it,0.2,one_pass,ok,11,8
054.pt,054,dataset/analogies/054.pt,summary_graphs/analogies/mntss/clt-gemma-2-2b-426k/entmax/alpha_0.50/node_0.02/054.pt,summary_graphs/analogies/mntss/clt-gemma-2-2b-426k/entmax/alpha_0.50/node_0.02/054.pt,gemma-4-31b-it,0.2,one_pass,ok,12,9
055.pt,055,dataset/analogies/055.pt,summary_graphs/analogies/mntss/clt-gemma-2-2b-426k/entmax/alpha_0.50/node_0.02/055.pt,summary_graphs/analogies/mntss/clt-gemma-2-2b-426k/entmax/alpha_0.50/node_0.02/055.pt,gemma-4-31b-it,0.2,one_pass,ok,14,12
056.pt,056,dataset/analogies/056.pt,summary_graphs/analogies/mntss/clt-gemma-2-2b-426k/entmax/alpha_0.50/node_0.02/056.pt,summary_graphs/analogies/mntss/clt-gemma-2-2b-426k/entmax/alpha_0.50/node_0.02/056.pt,gemma-4-31b-it,0.2,one_pass,ok,15,11
057.pt,057,dataset/analogies/057.pt,summary_graphs/analogies/mntss/clt-gemma-2-2b-426k/entmax/alpha_0.50/node_0.02/057.pt,summary_graphs/analogies/mntss/clt-gemma-2-2b-426k/entmax/alpha_0.50/node_0.02/057.pt,gemma-4-31b-it,0.2,one_pass,ok,14,11
058.pt,058,dataset/analogies/058.pt,summary_graphs/analogies/mntss/clt-gemma-2-2b-426k/entmax/alpha_0.50/node_0.02/058.pt,summary_graphs/analogies/mntss/clt-gemma-2-2b-426k/entmax/alpha_0.50/node_0.02/058.pt,gemma-4-31b-it,0.2,one_pass,ok,16,12
059.pt,059,dataset/analogies/059.pt,summary_graphs/analogies/mntss/clt-gemma-2-2b-426k/entmax/alpha_0.50/node_0.02/059.pt,summary_graphs/analogies/mntss/clt-gemma-2-2b-426k/entmax/alpha_0.50/node_0.02/059.pt,gemma-4-31b-it,0.2,one_pass,ok,15,12
060.pt,060,dataset/analogies/060.pt,summary_graphs/analogies/mntss/clt-gemma-2-2b-426k/entmax/alpha_0.50/node_0.02/060.pt,summary_graphs/analogies/mntss/clt-gemma-2-2b-426k/entmax/alpha_0.50/node_0.02/060.pt,gemma-4-31b-it,0.2,one_pass,ok,16,14
061.pt,061,dataset/analogies/061.pt,summary_graphs/analogies/mntss/clt-gemma-2-2b-426k/entmax/alpha_0.50/node_0.02/061.pt,summary_graphs/analogies/mntss/clt-gemma-2-2b-426k/entmax/alpha_0.50/node_0.02/061.pt,gemma-4-31b-it,0.2,one_pass,ok,15,11
062.pt,062,dataset/analogies/062.pt,summary_graphs/analogies/mntss/clt-gemma-2-2b-426k/entmax/alpha_0.50/node_0.02/062.pt,summary_graphs/analogies/mntss/clt-gemma-2-2b-426k/entmax/alpha_0.50/node_0.02/062.pt,gemma-4-31b-it,0.2,one_pass,ok,14,9
063.pt,063,dataset/analogies/063.pt,summary_graphs/analogies/mntss/clt-gemma-2-2b-426k/entmax/alpha_0.50/node_0.02/063.pt,summary_graphs/analogies/mntss/clt-gemma-2-2b-426k/entmax/alpha_0.50/node_0.02/063.pt,gemma-4-31b-it,0.2,one_pass,ok,13,8
064.pt,064,dataset/analogies/064.pt,summary_graphs/analogies/mntss/clt-gemma-2-2b-426k/entmax/alpha_0.50/node_0.02/064.pt,summary_graphs/analogies/mntss/clt-gemma-2-2b-426k/entmax/alpha_0.50/node_0.02/064.pt,gemma-4-31b-it,0.2,one_pass,ok,16,14
065.pt,065,dataset/analogies/065.pt,summary_graphs/analogies/mntss/clt-gemma-2-2b-426k/entmax/alpha_0.50/node_0.02/065.pt,summary_graphs/analogies/mntss/clt-gemma-2-2b-426k/entmax/alpha_0.50/node_0.02/065.pt,gemma-4-31b-it,0.2,one_pass,ok,15,11
066.pt,066,dataset/analogies/066.pt,summary_graphs/analogies/mntss/clt-gemma-2-2b-426k/entmax/alpha_0.50/node_0.02/066.pt,summary_graphs/analogies/mntss/clt-gemma-2-2b-426k/entmax/alpha_0.50/node_0.02/066.pt,gemma-4-31b-it,0.2,one_pass,ok,16,11
067.pt,067,dataset/analogies/067.pt,summary_graphs/analogies/mntss/clt-gemma-2-2b-426k/entmax/alpha_0.50/node_0.02/067.pt,summary_graphs/analogies/mntss/clt-gemma-2-2b-426k/entmax/alpha_0.50/node_0.02/067.pt,gemma-4-31b-it,0.2,one_pass,ok,17,13
068.pt,068,dataset/analogies/068.pt,summary_graphs/analogies/mntss/clt-gemma-2-2b-426k/entmax/alpha_0.50/node_0.02/068.pt,summary_graphs/analogies/mntss/clt-gemma-2-2b-426k/entmax/alpha_0.50/node_0.02/068.pt,gemma-4-31b-it,0.2,one_pass,ok,13,8
069.pt,069,dataset/analogies/069.pt,summary_graphs/analogies/mntss/clt-gemma-2-2b-426k/entmax/alpha_0.50/node_0.02/069.pt,summary_graphs/analogies/mntss/clt-gemma-2-2b-426k/entmax/alpha_0.50/node_0.02/069.pt,gemma-4-31b-it,0.2,one_pass,ok,12,9
070.pt,070,dataset/analogies/070.pt,summary_graphs/analogies/mntss/clt-gemma-2-2b-426k/entmax/alpha_0.50/node_0.02/070.pt,summary_graphs/analogies/mntss/clt-gemma-2-2b-426k/entmax/alpha_0.50/node_0.02/070.pt,gemma-4-31b-it,0.2,one_pass,ok,12,8
071.pt,071,dataset/analogies/071.pt,summary_graphs/analogies/mntss/clt-gemma-2-2b-426k/entmax/alpha_0.50/node_0.02/071.pt,summary_graphs/analogies/mntss/clt-gemma-2-2b-426k/entmax/alpha_0.50/node_0.02/071.pt,gemma-4-31b-it,0.2,one_pass,ok,15,13
072.pt,072,dataset/analogies/072.pt,summary_graphs/analogies/mntss/clt-gemma-2-2b-426k/entmax/alpha_0.50/node_0.02/072.pt,summary_graphs/analogies/mntss/clt-gemma-2-2b-426k/entmax/alpha_0.50/node_0.02/072.pt,gemma-4-31b-it,0.2,one_pass,ok,14,10
073.pt,073,dataset/analogies/073.pt,summary_graphs/analogies/mntss/clt-gemma-2-2b-426k/entmax/alpha_0.50/node_0.02/073.pt,summary_graphs/analogies/mntss/clt-gemma-2-2b-426k/entmax/alpha_0.50/node_0.02/073.pt,gemma-4-31b-it,0.2,one_pass,ok,16,11
074.pt,074,dataset/analogies/074.pt,summary_graphs/analogies/mntss/clt-gemma-2-2b-426k/entmax/alpha_0.50/node_0.02/074.pt,summary_graphs/analogies/mntss/clt-gemma-2-2b-426k/entmax/alpha_0.50/node_0.02/074.pt,gemma-4-31b-it,0.2,one_pass,ok,16,13
075.pt,075,dataset/analogies/075.pt,summary_graphs/analogies/mntss/clt-gemma-2-2b-426k/entmax/alpha_0.50/node_0.02/075.pt,summary_graphs/analogies/mntss/clt-gemma-2-2b-426k/entmax/alpha_0.50/node_0.02/075.pt,gemma-4-31b-it,0.2,one_pass,ok,14,9
076.pt,076,dataset/analogies/076.pt,summary_graphs/analogies/mntss/clt-gemma-2-2b-426k/entmax/alpha_0.50/node_0.02/076.pt,summary_graphs/analogies/mntss/clt-gemma-2-2b-426k/entmax/alpha_0.50/node_0.02/076.pt,gemma-4-31b-it,0.2,one_pass,ok,15,9
077.pt,077,dataset/analogies/077.pt,summary_graphs/analogies/mntss/clt-gemma-2-2b-426k/entmax/alpha_0.50/node_0.02/077.pt,summary_graphs/analogies/mntss/clt-gemma-2-2b-426k/entmax/alpha_0.50/node_0.02/077.pt,gemma-4-31b-it,0.2,one_pass,ok,15,8
078.pt,078,dataset/analogies/078.pt,summary_graphs/analogies/mntss/clt-gemma-2-2b-426k/entmax/alpha_0.50/node_0.02/078.pt,summary_graphs/analogies/mntss/clt-gemma-2-2b-426k/entmax/alpha_0.50/node_0.02/078.pt,gemma-4-31b-it,0.2,one_pass,ok,17,14
079.pt,079,dataset/analogies/079.pt,summary_graphs/analogies/mntss/clt-gemma-2-2b-426k/entmax/alpha_0.50/node_0.02/079.pt,summary_graphs/analogies/mntss/clt-gemma-2-2b-426k/entmax/alpha_0.50/node_0.02/079.pt,gemma-4-31b-it,0.2,one_pass,ok,13,11
080.pt,080,dataset/analogies/080.pt,summary_graphs/analogies/mntss/clt-gemma-2-2b-426k/entmax/alpha_0.50/node_0.02/080.pt,summary_graphs/analogies/mntss/clt-gemma-2-2b-426k/entmax/alpha_0.50/node_0.02/080.pt,gemma-4-31b-it,0.2,one_pass,ok,12,8
081.pt,081,dataset/analogies/081.pt,summary_graphs/analogies/mntss/clt-gemma-2-2b-426k/entmax/alpha_0.50/node_0.02/081.pt,summary_graphs/analogies/mntss/clt-gemma-2-2b-426k/entmax/alpha_0.50/node_0.02/081.pt,gemma-4-31b-it,0.2,one_pass,ok,15,11
082.pt,082,dataset/analogies/082.pt,summary_graphs/analogies/mntss/clt-gemma-2-2b-426k/entmax/alpha_0.50/node_0.02/082.pt,summary_graphs/analogies/mntss/clt-gemma-2-2b-426k/entmax/alpha_0.50/node_0.02/082.pt,gemma-4-31b-it,0.2,one_pass,ok,12,8
083.pt,083,dataset/analogies/083.pt,summary_graphs/analogies/mntss/clt-gemma-2-2b-426k/entmax/alpha_0.50/node_0.02/083.pt,summary_graphs/analogies/mntss/clt-gemma-2-2b-426k/entmax/alpha_0.50/node_0.02/083.pt,gemma-4-31b-it,0.2,one_pass,ok,14,10
084.pt,084,dataset/analogies/084.pt,summary_graphs/analogies/mntss/clt-gemma-2-2b-426k/entmax/alpha_0.50/node_0.02/084.pt,summary_graphs/analogies/mntss/clt-gemma-2-2b-426k/entmax/alpha_0.50/node_0.02/084.pt,gemma-4-31b-it,0.2,one_pass,ok,9,5
085.pt,085,dataset/analogies/085.pt,summary_graphs/analogies/mntss/clt-gemma-2-2b-426k/entmax/alpha_0.50/node_0.02/085.pt,summary_graphs/analogies/mntss/clt-gemma-2-2b-426k/entmax/alpha_0.50/node_0.02/085.pt,gemma-4-31b-it,0.2,one_pass,ok,10,7
086.pt,086,dataset/analogies/086.pt,summary_graphs/analogies/mntss/clt-gemma-2-2b-426k/entmax/alpha_0.50/node_0.02/086.pt,summary_graphs/analogies/mntss/clt-gemma-2-2b-426k/entmax/alpha_0.50/node_0.02/086.pt,gemma-4-31b-it,0.2,one_pass,ok,13,9
087.pt,087,dataset/analogies/087.pt,summary_graphs/analogies/mntss/clt-gemma-2-2b-426k/entmax/alpha_0.50/node_0.02/087.pt,summary_graphs/analogies/mntss/clt-gemma-2-2b-426k/entmax/alpha_0.50/node_0.02/087.pt,gemma-4-31b-it,0.2,one_pass,ok,12,8
088.pt,088,dataset/analogies/088.pt,summary_graphs/analogies/mntss/clt-gemma-2-2b-426k/entmax/alpha_0.50/node_0.02/088.pt,summary_graphs/analogies/mntss/clt-gemma-2-2b-426k/entmax/alpha_0.50/node_0.02/088.pt,gemma-4-31b-it,0.2,one_pass,ok,11,7
089.pt,089,dataset/analogies/089.pt,summary_graphs/analogies/mntss/clt-gemma-2-2b-426k/entmax/alpha_0.50/node_0.02/089.pt,summary_graphs/analogies/mntss/clt-gemma-2-2b-426k/entmax/alpha_0.50/node_0.02/089.pt,gemma-4-31b-it,0.2,one_pass,ok,13,11
090.pt,090,dataset/analogies/090.pt,summary_graphs/analogies/mntss/clt-gemma-2-2b-426k/entmax/alpha_0.50/node_0.02/090.pt,summary_graphs/analogies/mntss/clt-gemma-2-2b-426k/entmax/alpha_0.50/node_0.02/090.pt,gemma-4-31b-it,0.2,one_pass,ok,13,11
091.pt,091,dataset/analogies/091.pt,summary_graphs/analogies/mntss/clt-gemma-2-2b-426k/entmax/alpha_0.50/node_0.02/091.pt,summary_graphs/analogies/mntss/clt-gemma-2-2b-426k/entmax/alpha_0.50/node_0.02/091.pt,gemma-4-31b-it,0.2,one_pass,ok,14,12
092.pt,092,dataset/analogies/092.pt,summary_graphs/analogies/mntss/clt-gemma-2-2b-426k/entmax/alpha_0.50/node_0.02/092.pt,summary_graphs/analogies/mntss/clt-gemma-2-2b-426k/entmax/alpha_0.50/node_0.02/092.pt,gemma-4-31b-it,0.2,one_pass,ok,10,8
093.pt,093,dataset/analogies/093.pt,summary_graphs/analogies/mntss/clt-gemma-2-2b-426k/entmax/alpha_0.50/node_0.02/093.pt,summary_graphs/analogies/mntss/clt-gemma-2-2b-426k/entmax/alpha_0.50/node_0.02/093.pt,gemma-4-31b-it,0.2,one_pass,ok,13,10
094.pt,094,dataset/analogies/094.pt,summary_graphs/analogies/mntss/clt-gemma-2-2b-426k/entmax/alpha_0.50/node_0.02/094.pt,summary_graphs/analogies/mntss/clt-gemma-2-2b-426k/entmax/alpha_0.50/node_0.02/094.pt,gemma-4-31b-it,0.2,one_pass,ok,13,11
095.pt,095,dataset/analogies/095.pt,summary_graphs/analogies/mntss/clt-gemma-2-2b-426k/entmax/alpha_0.50/node_0.02/095.pt,summary_graphs/analogies/mntss/clt-gemma-2-2b-426k/entmax/alpha_0.50/node_0.02/095.pt,gemma-4-31b-it,0.2,one_pass,ok,13,11
096.pt,096,dataset/analogies/096.pt,summary_graphs/analogies/mntss/clt-gemma-2-2b-426k/entmax/alpha_0.50/node_0.02/096.pt,summary_graphs/analogies/mntss/clt-gemma-2-2b-426k/entmax/alpha_0.50/node_0.02/096.pt,gemma-4-31b-it,0.2,one_pass,ok,13,10
097.pt,097,dataset/analogies/097.pt,summary_graphs/analogies/mntss/clt-gemma-2-2b-426k/entmax/alpha_0.50/node_0.02/097.pt,summary_graphs/analogies/mntss/clt-gemma-2-2b-426k/entmax/alpha_0.50/node_0.02/097.pt,gemma-4-31b-it,0.2,one_pass,ok,15,12
098.pt,098,dataset/analogies/098.pt,summary_graphs/analogies/mntss/clt-gemma-2-2b-426k/entmax/alpha_0.50/node_0.02/098.pt,summary_graphs/analogies/mntss/clt-gemma-2-2b-426k/entmax/alpha_0.50/node_0.02/098.pt,gemma-4-31b-it,0.2,one_pass,ok,10,8
099.pt,099,dataset/analogies/099.pt,summary_graphs/analogies/mntss/clt-gemma-2-2b-426k/entmax/alpha_0.50/node_0.02/099.pt,summary_graphs/analogies/mntss/clt-gemma-2-2b-426k/entmax/alpha_0.50/node_0.02/099.pt,gemma-4-31b-it,0.2,one_pass,ok,13,11
