normalization,graph_file,graph_stem,graph_path,status,feature_supernodes,num_supernodes,summary_graph_path
softmax,000.pt,000,dataset/multihop/mntss/clt-gemma-2-2b-426k/graphs/000.pt,ok,7,22,summary_graphs/multihop/softmax/alpha_0.50/node_0.02/000_summary_graph.pt
softmax,001.pt,001,dataset/multihop/mntss/clt-gemma-2-2b-426k/graphs/001.pt,ok,9,13,summary_graphs/multihop/softmax/alpha_0.50/node_0.02/001_summary_graph.pt
softmax,002.pt,002,dataset/multihop/mntss/clt-gemma-2-2b-426k/graphs/002.pt,ok,9,15,summary_graphs/multihop/softmax/alpha_0.50/node_0.02/002_summary_graph.pt
softmax,003.pt,003,dataset/multihop/mntss/clt-gemma-2-2b-426k/graphs/003.pt,ok,11,13,summary_graphs/multihop/softmax/alpha_0.50/node_0.02/003_summary_graph.pt
softmax,004.pt,004,dataset/multihop/mntss/clt-gemma-2-2b-426k/graphs/004.pt,ok,7,21,summary_graphs/multihop/softmax/alpha_0.50/node_0.02/004_summary_graph.pt
softmax,005.pt,005,dataset/multihop/mntss/clt-gemma-2-2b-426k/graphs/005.pt,ok,6,18,summary_graphs/multihop/softmax/alpha_0.50/node_0.02/005_summary_graph.pt
softmax,006.pt,006,dataset/multihop/mntss/clt-gemma-2-2b-426k/graphs/006.pt,ok,8,22,summary_graphs/multihop/softmax/alpha_0.50/node_0.02/006_summary_graph.pt
softmax,007.pt,007,dataset/multihop/mntss/clt-gemma-2-2b-426k/graphs/007.pt,ok,9,15,summary_graphs/multihop/softmax/alpha_0.50/node_0.02/007_summary_graph.pt
softmax,008.pt,008,dataset/multihop/mntss/clt-gemma-2-2b-426k/graphs/008.pt,ok,6,18,summary_graphs/multihop/softmax/alpha_0.50/node_0.02/008_summary_graph.pt
softmax,009.pt,009,dataset/multihop/mntss/clt-gemma-2-2b-426k/graphs/009.pt,ok,6,21,summary_graphs/multihop/softmax/alpha_0.50/node_0.02/009_summary_graph.pt
softmax,010.pt,010,dataset/multihop/mntss/clt-gemma-2-2b-426k/graphs/010.pt,ok,6,19,summary_graphs/multihop/softmax/alpha_0.50/node_0.02/010_summary_graph.pt
softmax,011.pt,011,dataset/multihop/mntss/clt-gemma-2-2b-426k/graphs/011.pt,ok,9,15,summary_graphs/multihop/softmax/alpha_0.50/node_0.02/011_summary_graph.pt
softmax,012.pt,012,dataset/multihop/mntss/clt-gemma-2-2b-426k/graphs/012.pt,ok,8,21,summary_graphs/multihop/softmax/alpha_0.50/node_0.02/012_summary_graph.pt
softmax,013.pt,013,dataset/multihop/mntss/clt-gemma-2-2b-426k/graphs/013.pt,ok,8,13,summary_graphs/multihop/softmax/alpha_0.50/node_0.02/013_summary_graph.pt
softmax,014.pt,014,dataset/multihop/mntss/clt-gemma-2-2b-426k/graphs/014.pt,ok,10,21,summary_graphs/multihop/softmax/alpha_0.50/node_0.02/014_summary_graph.pt
softmax,015.pt,015,dataset/multihop/mntss/clt-gemma-2-2b-426k/graphs/015.pt,ok,9,20,summary_graphs/multihop/softmax/alpha_0.50/node_0.02/015_summary_graph.pt
softmax,016.pt,016,dataset/multihop/mntss/clt-gemma-2-2b-426k/graphs/016.pt,ok,10,14,summary_graphs/multihop/softmax/alpha_0.50/node_0.02/016_summary_graph.pt
softmax,017.pt,017,dataset/multihop/mntss/clt-gemma-2-2b-426k/graphs/017.pt,ok,7,18,summary_graphs/multihop/softmax/alpha_0.50/node_0.02/017_summary_graph.pt
softmax,018.pt,018,dataset/multihop/mntss/clt-gemma-2-2b-426k/graphs/018.pt,ok,8,20,summary_graphs/multihop/softmax/alpha_0.50/node_0.02/018_summary_graph.pt
softmax,019.pt,019,dataset/multihop/mntss/clt-gemma-2-2b-426k/graphs/019.pt,ok,11,16,summary_graphs/multihop/softmax/alpha_0.50/node_0.02/019_summary_graph.pt
softmax,020.pt,020,dataset/multihop/mntss/clt-gemma-2-2b-426k/graphs/020.pt,ok,7,16,summary_graphs/multihop/softmax/alpha_0.50/node_0.02/020_summary_graph.pt
softmax,021.pt,021,dataset/multihop/mntss/clt-gemma-2-2b-426k/graphs/021.pt,ok,8,20,summary_graphs/multihop/softmax/alpha_0.50/node_0.02/021_summary_graph.pt
softmax,022.pt,022,dataset/multihop/mntss/clt-gemma-2-2b-426k/graphs/022.pt,ok,5,15,summary_graphs/multihop/softmax/alpha_0.50/node_0.02/022_summary_graph.pt
softmax,023.pt,023,dataset/multihop/mntss/clt-gemma-2-2b-426k/graphs/023.pt,ok,9,20,summary_graphs/multihop/softmax/alpha_0.50/node_0.02/023_summary_graph.pt
softmax,024.pt,024,dataset/multihop/mntss/clt-gemma-2-2b-426k/graphs/024.pt,ok,4,13,summary_graphs/multihop/softmax/alpha_0.50/node_0.02/024_summary_graph.pt
softmax,025.pt,025,dataset/multihop/mntss/clt-gemma-2-2b-426k/graphs/025.pt,ok,6,20,summary_graphs/multihop/softmax/alpha_0.50/node_0.02/025_summary_graph.pt
softmax,026.pt,026,dataset/multihop/mntss/clt-gemma-2-2b-426k/graphs/026.pt,ok,12,18,summary_graphs/multihop/softmax/alpha_0.50/node_0.02/026_summary_graph.pt
softmax,027.pt,027,dataset/multihop/mntss/clt-gemma-2-2b-426k/graphs/027.pt,ok,8,23,summary_graphs/multihop/softmax/alpha_0.50/node_0.02/027_summary_graph.pt
softmax,028.pt,028,dataset/multihop/mntss/clt-gemma-2-2b-426k/graphs/028.pt,ok,5,8,summary_graphs/multihop/softmax/alpha_0.50/node_0.02/028_summary_graph.pt
softmax,029.pt,029,dataset/multihop/mntss/clt-gemma-2-2b-426k/graphs/029.pt,ok,8,13,summary_graphs/multihop/softmax/alpha_0.50/node_0.02/029_summary_graph.pt
softmax,030.pt,030,dataset/multihop/mntss/clt-gemma-2-2b-426k/graphs/030.pt,ok,9,16,summary_graphs/multihop/softmax/alpha_0.50/node_0.02/030_summary_graph.pt
softmax,031.pt,031,dataset/multihop/mntss/clt-gemma-2-2b-426k/graphs/031.pt,ok,14,16,summary_graphs/multihop/softmax/alpha_0.50/node_0.02/031_summary_graph.pt
softmax,032.pt,032,dataset/multihop/mntss/clt-gemma-2-2b-426k/graphs/032.pt,ok,8,17,summary_graphs/multihop/softmax/alpha_0.50/node_0.02/032_summary_graph.pt
softmax,033.pt,033,dataset/multihop/mntss/clt-gemma-2-2b-426k/graphs/033.pt,ok,9,15,summary_graphs/multihop/softmax/alpha_0.50/node_0.02/033_summary_graph.pt
softmax,034.pt,034,dataset/multihop/mntss/clt-gemma-2-2b-426k/graphs/034.pt,ok,10,26,summary_graphs/multihop/softmax/alpha_0.50/node_0.02/034_summary_graph.pt
softmax,035.pt,035,dataset/multihop/mntss/clt-gemma-2-2b-426k/graphs/035.pt,ok,6,13,summary_graphs/multihop/softmax/alpha_0.50/node_0.02/035_summary_graph.pt
entmax,000.pt,000,dataset/multihop/mntss/clt-gemma-2-2b-426k/graphs/000.pt,ok,8,15,summary_graphs/multihop/entmax/alpha_0.50/node_0.02/000_summary_graph.pt
entmax,001.pt,001,dataset/multihop/mntss/clt-gemma-2-2b-426k/graphs/001.pt,ok,10,12,summary_graphs/multihop/entmax/alpha_0.50/node_0.02/001_summary_graph.pt
entmax,002.pt,002,dataset/multihop/mntss/clt-gemma-2-2b-426k/graphs/002.pt,ok,10,12,summary_graphs/multihop/entmax/alpha_0.50/node_0.02/002_summary_graph.pt
entmax,003.pt,003,dataset/multihop/mntss/clt-gemma-2-2b-426k/graphs/003.pt,ok,11,13,summary_graphs/multihop/entmax/alpha_0.50/node_0.02/003_summary_graph.pt
entmax,004.pt,004,dataset/multihop/mntss/clt-gemma-2-2b-426k/graphs/004.pt,ok,13,16,summary_graphs/multihop/entmax/alpha_0.50/node_0.02/004_summary_graph.pt
entmax,005.pt,005,dataset/multihop/mntss/clt-gemma-2-2b-426k/graphs/005.pt,ok,7,15,summary_graphs/multihop/entmax/alpha_0.50/node_0.02/005_summary_graph.pt
entmax,006.pt,006,dataset/multihop/mntss/clt-gemma-2-2b-426k/graphs/006.pt,ok,10,18,summary_graphs/multihop/entmax/alpha_0.50/node_0.02/006_summary_graph.pt
entmax,007.pt,007,dataset/multihop/mntss/clt-gemma-2-2b-426k/graphs/007.pt,ok,9,12,summary_graphs/multihop/entmax/alpha_0.50/node_0.02/007_summary_graph.pt
entmax,008.pt,008,dataset/multihop/mntss/clt-gemma-2-2b-426k/graphs/008.pt,ok,6,9,summary_graphs/multihop/entmax/alpha_0.50/node_0.02/008_summary_graph.pt
entmax,009.pt,009,dataset/multihop/mntss/clt-gemma-2-2b-426k/graphs/009.pt,ok,11,17,summary_graphs/multihop/entmax/alpha_0.50/node_0.02/009_summary_graph.pt
entmax,010.pt,010,dataset/multihop/mntss/clt-gemma-2-2b-426k/graphs/010.pt,ok,7,18,summary_graphs/multihop/entmax/alpha_0.50/node_0.02/010_summary_graph.pt
entmax,011.pt,011,dataset/multihop/mntss/clt-gemma-2-2b-426k/graphs/011.pt,ok,8,12,summary_graphs/multihop/entmax/alpha_0.50/node_0.02/011_summary_graph.pt
entmax,012.pt,012,dataset/multihop/mntss/clt-gemma-2-2b-426k/graphs/012.pt,ok,11,15,summary_graphs/multihop/entmax/alpha_0.50/node_0.02/012_summary_graph.pt
entmax,013.pt,013,dataset/multihop/mntss/clt-gemma-2-2b-426k/graphs/013.pt,ok,9,12,summary_graphs/multihop/entmax/alpha_0.50/node_0.02/013_summary_graph.pt
entmax,014.pt,014,dataset/multihop/mntss/clt-gemma-2-2b-426k/graphs/014.pt,ok,11,17,summary_graphs/multihop/entmax/alpha_0.50/node_0.02/014_summary_graph.pt
entmax,015.pt,015,dataset/multihop/mntss/clt-gemma-2-2b-426k/graphs/015.pt,ok,14,19,summary_graphs/multihop/entmax/alpha_0.50/node_0.02/015_summary_graph.pt
entmax,016.pt,016,dataset/multihop/mntss/clt-gemma-2-2b-426k/graphs/016.pt,ok,10,12,summary_graphs/multihop/entmax/alpha_0.50/node_0.02/016_summary_graph.pt
entmax,017.pt,017,dataset/multihop/mntss/clt-gemma-2-2b-426k/graphs/017.pt,ok,8,11,summary_graphs/multihop/entmax/alpha_0.50/node_0.02/017_summary_graph.pt
entmax,018.pt,018,dataset/multihop/mntss/clt-gemma-2-2b-426k/graphs/018.pt,ok,9,14,summary_graphs/multihop/entmax/alpha_0.50/node_0.02/018_summary_graph.pt
entmax,019.pt,019,dataset/multihop/mntss/clt-gemma-2-2b-426k/graphs/019.pt,ok,12,14,summary_graphs/multihop/entmax/alpha_0.50/node_0.02/019_summary_graph.pt
entmax,020.pt,020,dataset/multihop/mntss/clt-gemma-2-2b-426k/graphs/020.pt,ok,9,14,summary_graphs/multihop/entmax/alpha_0.50/node_0.02/020_summary_graph.pt
entmax,021.pt,021,dataset/multihop/mntss/clt-gemma-2-2b-426k/graphs/021.pt,ok,11,14,summary_graphs/multihop/entmax/alpha_0.50/node_0.02/021_summary_graph.pt
entmax,022.pt,022,dataset/multihop/mntss/clt-gemma-2-2b-426k/graphs/022.pt,ok,6,12,summary_graphs/multihop/entmax/alpha_0.50/node_0.02/022_summary_graph.pt
entmax,023.pt,023,dataset/multihop/mntss/clt-gemma-2-2b-426k/graphs/023.pt,ok,10,14,summary_graphs/multihop/entmax/alpha_0.50/node_0.02/023_summary_graph.pt
entmax,024.pt,024,dataset/multihop/mntss/clt-gemma-2-2b-426k/graphs/024.pt,ok,6,12,summary_graphs/multihop/entmax/alpha_0.50/node_0.02/024_summary_graph.pt
entmax,025.pt,025,dataset/multihop/mntss/clt-gemma-2-2b-426k/graphs/025.pt,ok,9,17,summary_graphs/multihop/entmax/alpha_0.50/node_0.02/025_summary_graph.pt
entmax,026.pt,026,dataset/multihop/mntss/clt-gemma-2-2b-426k/graphs/026.pt,ok,10,14,summary_graphs/multihop/entmax/alpha_0.50/node_0.02/026_summary_graph.pt
entmax,027.pt,027,dataset/multihop/mntss/clt-gemma-2-2b-426k/graphs/027.pt,ok,11,17,summary_graphs/multihop/entmax/alpha_0.50/node_0.02/027_summary_graph.pt
entmax,028.pt,028,dataset/multihop/mntss/clt-gemma-2-2b-426k/graphs/028.pt,ok,6,8,summary_graphs/multihop/entmax/alpha_0.50/node_0.02/028_summary_graph.pt
entmax,029.pt,029,dataset/multihop/mntss/clt-gemma-2-2b-426k/graphs/029.pt,ok,8,12,summary_graphs/multihop/entmax/alpha_0.50/node_0.02/029_summary_graph.pt
entmax,030.pt,030,dataset/multihop/mntss/clt-gemma-2-2b-426k/graphs/030.pt,ok,9,12,summary_graphs/multihop/entmax/alpha_0.50/node_0.02/030_summary_graph.pt
entmax,031.pt,031,dataset/multihop/mntss/clt-gemma-2-2b-426k/graphs/031.pt,ok,13,15,summary_graphs/multihop/entmax/alpha_0.50/node_0.02/031_summary_graph.pt
entmax,032.pt,032,dataset/multihop/mntss/clt-gemma-2-2b-426k/graphs/032.pt,ok,11,15,summary_graphs/multihop/entmax/alpha_0.50/node_0.02/032_summary_graph.pt
entmax,033.pt,033,dataset/multihop/mntss/clt-gemma-2-2b-426k/graphs/033.pt,ok,8,12,summary_graphs/multihop/entmax/alpha_0.50/node_0.02/033_summary_graph.pt
entmax,034.pt,034,dataset/multihop/mntss/clt-gemma-2-2b-426k/graphs/034.pt,ok,17,21,summary_graphs/multihop/entmax/alpha_0.50/node_0.02/034_summary_graph.pt
entmax,035.pt,035,dataset/multihop/mntss/clt-gemma-2-2b-426k/graphs/035.pt,ok,7,12,summary_graphs/multihop/entmax/alpha_0.50/node_0.02/035_summary_graph.pt
